publish_date,China,Italy,Canada,US
1962-09-01,0,0,0,1
1974,0,0,1,0
1974-09-05,0,0,0,1
1976-07-31,0,0,1,0
1977-08-05,0,0,1,0
1978,0,1,0,0
1978-10-31,0,0,0,1
1980-10-01,0,0,1,0
1981-06-30,0,0,0,1
1981-12-31,0,0,1,0
1982,0,0,1,0
1982-04-30,0,0,0,1
1982-12-31,0,0,0,1
1983,0,0,1,0
1983-12-31,0,0,1,2
1985,0,0,2,0
1985-06-28,0,0,0,1
1986,0,1,2,0
1986-09-05,0,0,1,0
1986-09-30,1,0,0,0
1987,1,0,2,1
1987-12-31,0,0,1,0
1988,0,0,2,0
1988-08-01,0,0,0,1
1989,0,0,3,0
1990,0,0,2,1
1990-10-31,0,0,1,0
1991,1,0,3,3
1991-07-31,0,0,1,0
1991-12-31,0,0,1,0
1992,1,0,4,2
1992-02-01,0,0,1,0
1993,0,0,4,1
1993-05-01,0,0,1,0
1993-12-31,0,0,0,1
1994,1,0,2,0
1994-05-31,0,0,0,1
1994-12-31,0,0,1,1
1995,0,0,0,1
1995-09-30,0,0,0,2
1996,0,0,1,4
1996-12-01,0,0,0,1
1997,0,1,4,2
1997-03-17,0,0,0,1
1997-04-30,0,0,0,1
1997-06-01,0,0,0,1
1997-09-05,0,0,0,1
1998,0,0,3,3
1998-11-15,0,0,0,1
1999,1,0,2,2
1999-02-05,0,0,0,1
1999-03-08,0,0,0,1
1999-06-30,0,0,0,1
1999-12-01,0,0,0,1
2000,0,0,2,6
2000-02-01,0,0,0,2
2000-02-25,0,0,1,0
2000-05-01,0,0,1,1
2000-12-31,0,0,0,1
2001,1,0,4,8
2001-03-21,0,0,1,0
2001-03-31,0,0,1,0
2001-04-12,0,0,1,0
2001-04-30,0,1,0,0
2001-07-01,0,0,1,0
2001-07-31,0,1,0,0
2002,0,0,2,6
2002-01-03,0,0,1,0
2002-02-27,0,0,0,1
2002-03-20,0,0,1,0
2002-06-01,0,0,1,0
2002-09-05,0,1,0,0
2002-10-31,0,0,1,0
2002-11-13,0,1,0,2
2002-11-14,0,1,3,1
2002-12-09,0,0,1,0
2002-12-11,0,0,1,0
2002-12-31,0,0,0,1
2003,36,3,16,37
2003-02-13,0,0,1,0
2003-03-18,0,0,1,0
2003-04-30,0,0,1,0
2003-05-09,1,0,0,0
2003-05-10,0,0,1,0
2003-05-24,0,0,1,0
2003-06-10,1,0,0,0
2003-06-30,0,0,0,0
2003-07-01,1,0,0,0
2003-07-11,0,0,1,0
2003-07-29,1,0,0,0
2003-07-31,1,0,0,0
2003-09-05,1,0,0,0
2003-09-07,0,0,0,0
2003-09-10,1,0,0,0
2003-09-30,0,0,0,2
2003-10-05,1,0,0,0
2003-10-09,1,0,0,0
2003-10-25,1,0,0,0
2003-10-31,1,0,0,0
2003-11-05,1,0,0,0
2003-11-06,1,0,0,0
2003-11-14,2,0,0,0
2003-11-17,0,0,1,0
2003-11-20,1,0,0,0
2003-11-26,1,0,0,0
2003-12-11,0,0,0,1
2003-12-15,0,0,0,1
2003-12-31,3,0,0,1
2004,35,0,17,28
2004-01-01,0,0,1,0
2004-01-07,0,0,0,1
2004-01-08,1,0,0,0
2004-01-10,0,0,1,0
2004-01-14,0,0,0,1
2004-01-17,0,0,0,0
2004-01-22,1,0,0,0
2004-01-31,1,0,1,1
2004-02-01,1,0,0,0
2004-02-03,1,0,0,0
2004-02-05,0,0,0,5
2004-02-15,0,0,1,0
2004-02-26,0,0,0,1
2004-02-27,2,0,0,0
2004-03-01,0,0,0,0
2004-03-03,0,0,0,1
2004-03-05,1,1,0,0
2004-03-11,1,0,0,0
2004-03-31,2,0,0,1
2004-04-05,1,0,0,0
2004-04-07,1,0,0,0
2004-04-17,0,0,0,1
2004-04-23,0,0,1,0
2004-04-30,0,0,0,1
2004-05-05,1,0,0,0
2004-05-10,0,0,0,1
2004-05-14,1,0,0,0
2004-05-15,1,0,0,0
2004-05-31,1,0,0,0
2004-06-05,1,0,0,1
2004-06-08,0,0,0,1
2004-06-26,1,0,0,0
2004-06-28,1,0,0,0
2004-06-30,0,0,1,1
2004-07-02,0,0,0,0
2004-07-05,0,0,1,0
2004-07-07,1,0,0,0
2004-07-14,0,0,0,0
2004-07-15,1,0,0,0
2004-07-24,1,0,0,0
2004-07-27,1,0,0,0
2004-07-31,0,0,1,1
2004-08-01,1,0,0,0
2004-08-02,0,0,0,1
2004-08-06,0,0,1,0
2004-08-15,1,0,0,0
2004-08-31,2,0,0,1
2004-09-01,1,0,0,0
2004-09-06,1,0,0,0
2004-09-15,0,0,1,0
2004-09-30,2,0,0,2
2004-10-05,1,0,0,0
2004-10-30,1,0,1,0
2004-10-31,0,0,0,3
2004-11-05,0,0,0,0
2004-11-19,0,0,0,1
2004-11-30,2,0,0,0
2004-12-01,0,0,1,1
2004-12-02,0,0,1,0
2004-12-05,2,0,0,0
2004-12-07,1,0,0,0
2004-12-17,0,0,1,0
2004-12-19,0,0,1,0
2004-12-31,3,1,0,3
2005,35,1,19,31
2005-01-01,2,0,0,0
2005-01-05,0,0,1,1
2005-01-08,1,0,0,0
2005-01-31,0,0,1,0
2005-02-15,0,0,1,0
2005-02-23,1,0,0,0
2005-02-28,0,0,0,2
2005-03-01,0,0,0,0
2005-03-04,0,0,0,0
2005-03-05,1,0,0,0
2005-03-10,0,0,1,0
2005-03-15,1,0,0,0
2005-03-18,1,0,0,0
2005-03-21,0,0,1,0
2005-03-31,1,0,0,0
2005-04-01,0,0,0,1
2005-04-05,1,0,0,0
2005-04-15,0,0,1,0
2005-04-29,0,0,0,1
2005-04-30,1,0,0,2
2005-05-05,2,0,0,0
2005-05-23,0,0,0,1
2005-05-25,1,0,0,0
2005-05-31,1,0,0,1
2005-06-01,1,0,0,0
2005-06-15,0,0,1,0
2005-06-28,0,1,0,0
2005-06-30,0,0,0,1
2005-07-05,1,0,0,1
2005-07-07,0,0,0,1
2005-07-14,1,2,0,0
2005-08-15,1,0,0,0
2005-08-24,2,0,0,0
2005-09-01,2,0,1,0
2005-09-05,0,0,1,1
2005-09-30,0,0,0,2
2005-10-08,1,0,0,0
2005-10-15,1,0,0,0
2005-10-31,0,0,0,2
2005-11-01,0,0,1,0
2005-11-25,0,0,1,0
2005-11-30,2,0,0,2
2005-12-01,0,0,1,0
2005-12-05,1,0,0,0
2005-12-13,0,0,1,0
2005-12-31,0,0,1,2
2006,27,3,22,22
2006-01-03,0,0,0,0
2006-01-05,1,0,0,2
2006-01-09,1,0,0,0
2006-01-10,0,0,1,0
2006-01-25,2,0,0,0
2006-01-31,0,0,0,0
2006-02-01,2,0,0,0
2006-02-05,0,0,0,2
2006-02-15,0,0,0,0
2006-02-16,0,0,0,1
2006-02-17,1,0,0,0
2006-02-23,0,0,0,1
2006-02-28,0,0,0,3
2006-03-01,1,0,0,0
2006-03-08,1,0,1,0
2006-03-18,0,0,1,0
2006-03-31,0,0,0,1
2006-04-07,0,0,0,0
2006-04-08,1,0,0,0
2006-04-11,1,0,0,0
2006-04-18,0,0,0,1
2006-04-21,0,0,0,1
2006-04-26,0,0,0,1
2006-04-30,1,0,0,0
2006-05-05,0,0,1,3
2006-05-18,0,0,1,1
2006-05-31,1,0,0,1
2006-06-03,0,0,0,2
2006-06-05,1,0,0,0
2006-06-06,1,0,0,0
2006-06-08,1,0,0,1
2006-06-09,1,0,0,0
2006-06-12,0,0,1,0
2006-06-13,0,0,1,0
2006-06-15,0,0,1,0
2006-06-20,0,0,1,0
2006-06-30,0,0,2,0
2006-07-01,1,0,0,0
2006-07-17,0,0,0,0
2006-07-25,1,0,0,0
2006-07-31,0,0,0,1
2006-08-01,0,0,0,0
2006-08-02,1,0,0,0
2006-08-07,0,0,1,0
2006-08-15,0,0,0,1
2006-08-23,0,0,1,0
2006-08-31,0,0,0,1
2006-09-01,0,0,1,1
2006-09-07,1,0,0,0
2006-09-08,1,0,0,0
2006-09-09,0,0,0,1
2006-09-12,0,0,0,1
2006-09-20,0,0,0,1
2006-09-30,1,0,0,1
2006-10-01,1,0,0,0
2006-10-06,0,0,1,0
2006-10-17,0,1,0,0
2006-10-30,1,0,0,0
2006-11-01,0,0,0,2
2006-11-05,1,0,0,0
2006-11-14,1,0,0,0
2006-11-17,0,0,0,1
2006-11-21,0,1,0,0
2006-11-30,2,1,0,0
2006-12-01,0,0,1,0
2006-12-05,0,0,0,1
2006-12-11,0,0,1,0
2006-12-14,0,0,0,1
2006-12-24,0,0,0,1
2006-12-28,0,0,1,0
2006-12-31,1,0,0,3
2007,27,2,32,58
2007-01-05,1,0,1,0
2007-01-09,0,0,1,0
2007-01-10,0,1,0,0
2007-01-15,0,0,0,2
2007-01-19,1,0,0,0
2007-01-22,0,0,1,0
2007-01-29,1,0,0,0
2007-01-31,1,0,0,0
2007-02-02,0,0,0,1
2007-02-15,0,0,0,1
2007-02-20,0,1,0,0
2007-02-22,1,0,0,0
2007-02-28,1,0,0,1
2007-03-02,1,0,0,0
2007-03-12,1,0,0,0
2007-03-17,0,0,0,1
2007-03-27,1,0,0,0
2007-03-31,0,0,1,0
2007-04-15,1,1,0,0
2007-04-17,1,0,0,0
2007-04-30,2,0,0,1
2007-05-01,0,0,1,0
2007-05-04,0,0,0,1
2007-05-07,0,0,0,1
2007-05-22,0,0,0,1
2007-05-28,1,0,0,0
2007-05-29,0,0,1,1
2007-05-30,0,0,1,0
2007-05-31,0,0,3,0
2007-06-07,1,0,0,0
2007-06-16,1,0,0,0
2007-06-21,0,0,0,0
2007-06-30,0,0,1,0
2007-07-01,0,0,1,0
2007-07-05,1,0,0,0
2007-08-01,1,0,1,0
2007-08-15,0,0,1,0
2007-08-28,0,0,1,0
2007-08-31,1,0,1,1
2007-09-01,0,0,1,0
2007-09-02,0,0,0,0
2007-09-05,0,0,0,0
2007-09-20,1,0,0,1
2007-09-26,1,0,0,0
2007-09-30,2,0,0,1
2007-10-05,0,0,0,0
2007-10-11,0,0,0,1
2007-10-15,0,0,1,0
2007-10-16,0,0,1,0
2007-10-31,0,1,0,0
2007-11-05,0,0,1,0
2007-11-12,1,0,0,0
2007-11-14,0,0,1,0
2007-11-15,0,0,1,0
2007-11-26,1,0,0,0
2007-11-30,0,0,0,1
2007-12-04,0,0,1,0
2007-12-07,0,0,1,0
2007-12-17,0,0,1,0
2007-12-31,2,0,0,3
2008,28,7,22,44
2008-01-01,0,1,1,1
2008-01-03,1,0,0,1
2008-01-07,2,0,0,0
2008-01-09,0,0,0,0
2008-01-10,0,0,0,0
2008-01-13,1,0,0,0
2008-01-21,0,0,0,1
2008-01-24,1,0,0,1
2008-01-25,0,0,0,1
2008-01-31,0,0,1,1
2008-02-01,1,0,0,0
2008-02-05,0,0,1,0
2008-02-07,0,0,0,1
2008-02-11,0,0,0,1
2008-02-14,1,0,0,1
2008-02-15,0,0,0,1
2008-02-16,1,0,0,0
2008-02-21,1,0,0,0
2008-02-22,0,1,0,0
2008-02-28,0,0,0,0
2008-02-29,0,0,1,0
2008-03-01,0,0,1,1
2008-03-05,0,0,0,1
2008-03-09,1,0,0,0
2008-03-10,0,0,0,2
2008-03-14,0,1,0,0
2008-03-17,0,1,0,0
2008-03-18,0,0,1,0
2008-03-21,1,0,0,0
2008-03-26,0,0,0,1
2008-03-28,0,0,0,1
2008-03-31,0,0,0,2
2008-04-01,1,0,0,1
2008-04-02,0,0,1,0
2008-04-08,1,0,0,0
2008-04-09,0,0,1,0
2008-04-10,0,0,0,1
2008-04-11,0,0,0,1
2008-04-25,1,1,0,0
2008-04-26,1,0,0,0
2008-04-30,2,0,0,0
2008-05-05,0,0,1,1
2008-05-07,0,0,0,1
2008-05-15,0,0,1,0
2008-05-20,0,0,0,1
2008-05-21,0,0,0,1
2008-05-24,0,0,0,0
2008-05-28,0,0,1,0
2008-05-31,2,0,0,3
2008-06-02,0,0,0,1
2008-06-05,0,0,0,1
2008-06-13,0,0,1,0
2008-06-19,1,0,0,0
2008-06-20,1,0,0,0
2008-06-22,0,0,0,1
2008-06-28,1,1,0,1
2008-07-01,0,0,0,0
2008-07-03,0,1,0,0
2008-07-07,0,0,0,0
2008-07-10,1,0,0,0
2008-07-15,1,0,0,0
2008-07-23,0,0,0,2
2008-07-31,1,0,0,1
2008-08-05,0,0,1,0
2008-08-20,0,0,0,1
2008-08-21,1,0,0,0
2008-08-25,0,0,0,0
2008-08-29,0,0,0,1
2008-08-31,1,0,1,0
2008-09-01,0,0,1,1
2008-09-02,0,0,0,1
2008-09-03,1,0,0,0
2008-09-14,1,0,0,0
2008-09-15,0,0,0,1
2008-09-16,0,0,1,0
2008-09-19,0,0,0,1
2008-09-20,1,0,0,0
2008-09-26,1,0,0,0
2008-09-30,2,0,0,0
2008-10-01,1,0,0,1
2008-10-03,0,0,1,0
2008-10-08,2,0,0,0
2008-10-10,1,0,0,0
2008-10-22,1,0,0,0
2008-10-27,0,0,0,1
2008-10-29,1,0,1,0
2008-10-30,2,0,0,0
2008-10-31,1,0,2,0
2008-11-01,1,0,0,1
2008-11-07,0,0,0,0
2008-11-10,0,0,1,0
2008-11-14,1,0,0,0
2008-11-24,0,0,1,0
2008-11-27,0,0,0,1
2008-11-30,0,0,0,1
2008-12-01,1,0,0,0
2008-12-10,0,0,0,1
2008-12-31,4,0,2,3
2009,20,2,24,51
2009-01-12,1,0,0,0
2009-01-29,1,0,0,0
2009-01-31,2,0,0,0
2009-02-01,0,0,1,1
2009-02-14,0,0,1,0
2009-02-23,1,0,0,0
2009-02-24,0,0,1,0
2009-02-28,0,0,1,1
2009-03-01,0,0,1,0
2009-03-03,0,0,0,1
2009-03-05,1,0,1,0
2009-03-09,0,0,0,1
2009-03-10,0,0,0,1
2009-03-31,1,0,1,2
2009-04-14,1,0,0,0
2009-04-17,1,0,0,0
2009-04-30,0,0,3,1
2009-05-01,1,0,0,1
2009-05-03,0,0,0,1
2009-05-05,0,0,1,0
2009-05-06,0,0,1,0
2009-05-08,0,0,1,0
2009-05-13,0,0,0,1
2009-05-15,1,0,0,0
2009-05-20,0,0,0,2
2009-05-27,1,0,1,0
2009-05-28,2,0,0,0
2009-05-31,1,0,1,1
2009-06-01,0,0,0,1
2009-06-05,4,0,0,0
2009-06-08,0,0,0,1
2009-06-11,0,0,0,1
2009-06-15,0,0,0,3
2009-06-19,0,0,2,0
2009-06-24,0,0,0,1
2009-06-30,1,0,0,0
2009-07-01,0,0,1,1
2009-07-10,0,0,0,1
2009-07-16,0,0,0,1
2009-07-20,0,0,1,1
2009-07-25,1,0,0,0
2009-07-27,0,0,1,0
2009-07-29,0,0,1,0
2009-07-31,0,1,0,1
2009-08-05,0,0,0,1
2009-08-18,0,0,1,0
2009-08-31,2,0,0,2
2009-09-01,0,0,0,0
2009-09-05,0,0,0,1
2009-09-15,1,0,0,0
2009-09-16,1,0,1,0
2009-09-18,0,0,1,0
2009-09-22,1,0,0,1
2009-09-23,1,0,0,0
2009-09-27,1,0,0,0
2009-09-30,1,0,2,1
2009-10-06,1,0,0,0
2009-10-07,1,0,0,1
2009-10-13,0,0,2,0
2009-10-23,1,0,0,0
2009-10-29,0,0,0,1
2009-11-01,0,0,0,1
2009-11-05,0,0,0,2
2009-11-06,1,0,0,0
2009-11-12,0,0,0,1
2009-11-20,0,0,0,1
2009-11-24,0,1,0,0
2009-11-30,0,1,0,0
2009-12-05,0,0,1,0
2009-12-10,0,0,0,1
2009-12-13,0,1,0,0
2009-12-15,0,0,0,1
2009-12-16,0,0,1,0
2009-12-17,1,0,0,0
2009-12-22,1,0,1,0
2009-12-24,0,0,1,0
2009-12-30,0,0,1,0
2009-12-31,2,0,1,6
2010,14,4,16,56
2010-01-01,1,0,0,2
2010-01-05,0,0,0,1
2010-01-07,0,0,0,1
2010-01-11,0,0,0,1
2010-01-15,2,0,0,1
2010-01-16,0,0,1,0
2010-01-19,1,0,0,0
2010-01-29,0,0,0,1
2010-01-31,0,0,0,1
2010-02-01,1,0,0,0
2010-02-05,0,0,1,0
2010-02-07,1,0,0,0
2010-02-18,0,0,1,0
2010-02-23,0,1,0,0
2010-02-25,2,0,0,0
2010-02-27,1,0,0,0
2010-02-28,1,0,0,1
2010-03-03,1,0,0,0
2010-03-05,1,0,0,0
2010-03-11,0,1,0,0
2010-03-15,0,0,0,2
2010-03-17,0,0,0,1
2010-03-25,0,0,0,1
2010-03-29,0,0,0,1
2010-03-30,0,0,0,1
2010-03-31,0,0,1,3
2010-04-01,0,0,1,2
2010-04-21,0,0,1,0
2010-04-23,1,0,0,0
2010-04-27,1,0,0,1
2010-04-30,1,0,0,1
2010-05-03,0,0,0,1
2010-05-04,0,0,0,1
2010-05-12,1,0,0,0
2010-05-18,1,0,0,0
2010-05-20,1,0,0,1
2010-05-21,0,1,0,0
2010-05-22,1,0,0,0
2010-05-24,0,0,0,1
2010-05-25,0,0,1,0
2010-05-27,0,0,0,1
2010-05-31,1,0,1,0
2010-06-05,0,0,0,1
2010-06-07,0,0,0,1
2010-06-11,0,0,1,0
2010-06-13,1,0,0,0
2010-06-17,2,0,0,0
2010-06-18,0,0,0,0
2010-06-23,0,0,0,1
2010-06-25,1,0,0,0
2010-06-28,0,0,0,2
2010-06-30,2,0,0,0
2010-07-08,0,0,0,1
2010-07-09,0,0,0,2
2010-07-10,0,0,1,0
2010-07-13,0,0,0,1
2010-07-14,2,0,0,0
2010-07-23,1,0,0,0
2010-07-27,0,0,0,1
2010-07-28,0,0,0,1
2010-07-31,2,0,0,1
2010-08-01,1,0,0,0
2010-08-02,0,0,0,1
2010-08-03,1,0,0,0
2010-08-05,1,0,0,0
2010-08-06,1,0,0,0
2010-08-10,1,0,0,0
2010-08-15,1,0,0,0
2010-08-21,1,0,0,0
2010-08-26,0,0,0,1
2010-08-27,1,0,0,0
2010-08-31,0,0,0,3
2010-09-01,0,0,0,2
2010-09-03,0,0,0,1
2010-09-06,1,0,0,0
2010-09-14,0,0,0,1
2010-09-15,1,0,0,0
2010-09-23,0,0,0,1
2010-09-24,0,0,0,0
2010-09-30,1,0,2,1
2010-10-15,0,0,0,0
2010-10-16,0,0,0,1
2010-10-18,0,0,0,0
2010-10-19,1,0,0,0
2010-10-21,0,0,1,0
2010-10-31,2,0,2,1
2010-11-01,0,0,3,0
2010-11-05,0,0,1,0
2010-11-10,1,0,0,0
2010-11-11,1,0,0,0
2010-11-17,0,0,0,1
2010-11-18,0,0,0,0
2010-11-24,0,1,0,0
2010-11-25,0,0,0,1
2010-11-30,1,0,1,0
2010-12-02,0,0,0,1
2010-12-08,0,0,0,1
2010-12-09,1,0,0,0
2010-12-10,0,0,1,0
2010-12-17,0,0,0,1
2010-12-22,1,0,0,0
2010-12-24,4,0,0,0
2010-12-30,0,0,0,1
2010-12-31,1,0,2,1
2011,33,3,28,45
2011-01-05,2,0,0,0
2011-01-09,1,0,0,0
2011-01-11,0,1,0,0
2011-01-18,1,0,0,0
2011-01-25,2,0,0,1
2011-01-26,0,0,0,0
2011-01-31,3,0,0,2
2011-02-01,0,0,0,2
2011-02-02,1,0,0,0
2011-02-05,1,0,0,0
2011-02-06,0,0,0,1
2011-02-10,1,0,0,0
2011-02-18,1,0,0,0
2011-02-22,0,0,0,1
2011-02-23,1,0,0,0
2011-02-28,1,0,0,0
2011-03-04,0,0,0,1
2011-03-05,1,0,0,0
2011-03-07,0,0,0,1
2011-03-21,0,0,1,0
2011-03-31,0,0,0,1
2011-04-05,0,0,0,1
2011-04-15,1,0,0,0
2011-04-18,1,0,0,0
2011-04-22,1,0,0,0
2011-04-26,0,0,0,1
2011-04-30,2,0,1,0
2011-05-01,0,0,1,0
2011-05-03,0,1,0,0
2011-05-04,0,0,0,0
2011-05-05,0,0,1,1
2011-05-16,1,0,0,0
2011-05-18,1,1,0,0
2011-05-25,0,0,0,2
2011-05-31,0,0,0,1
2011-06-01,1,0,0,0
2011-06-05,1,0,0,0
2011-06-07,0,0,1,1
2011-06-10,0,0,1,0
2011-06-12,0,0,0,1
2011-06-19,1,0,0,0
2011-06-20,0,0,0,1
2011-06-21,0,0,0,1
2011-06-26,1,0,0,0
2011-06-30,0,0,1,0
2011-07-01,2,0,0,0
2011-07-05,0,0,0,0
2011-07-13,0,0,0,1
2011-07-14,0,0,0,1
2011-07-18,0,0,1,0
2011-07-20,0,0,0,1
2011-07-21,1,0,0,0
2011-07-25,0,0,0,1
2011-07-27,0,1,0,0
2011-07-31,1,0,0,0
2011-08-02,0,0,0,1
2011-08-05,0,1,0,0
2011-08-06,2,0,0,0
2011-08-11,0,0,0,1
2011-08-13,1,0,0,0
2011-08-15,1,0,0,0
2011-08-16,0,0,0,1
2011-08-24,0,0,1,0
2011-08-26,0,0,1,0
2011-08-31,0,0,1,0
2011-09-02,1,0,0,0
2011-09-16,0,0,1,0
2011-09-17,0,0,1,0
2011-09-20,1,0,0,0
2011-09-25,0,0,0,0
2011-09-27,1,0,0,0
2011-09-30,0,0,1,2
2011-10-02,1,0,0,0
2011-10-05,1,0,0,1
2011-10-08,0,0,0,1
2011-10-10,0,0,1,0
2011-10-12,1,0,0,0
2011-10-13,1,0,0,0
2011-10-19,0,0,0,1
2011-10-21,0,2,0,0
2011-10-26,0,0,0,1
2011-10-27,1,1,0,0
2011-10-29,0,0,1,0
2011-10-31,1,0,1,0
2011-11-01,0,0,0,1
2011-11-02,0,0,0,1
2011-11-08,0,0,0,0
2011-11-16,1,0,0,0
2011-11-17,1,0,0,0
2011-11-22,0,1,0,0
2011-11-23,1,0,0,0
2011-11-29,0,0,0,1
2011-11-30,2,0,0,1
2011-12-01,1,0,0,0
2011-12-02,1,0,0,2
2011-12-03,1,0,0,0
2011-12-05,2,1,0,0
2011-12-07,0,0,1,0
2011-12-09,1,0,0,0
2011-12-13,1,0,1,0
2011-12-14,1,0,0,1
2011-12-16,0,0,0,1
2011-12-22,0,0,1,1
2011-12-23,0,0,0,2
2011-12-27,0,0,0,1
2011-12-31,4,1,0,0
2012,37,3,28,57
2012-01-04,1,0,0,0
2012-01-06,0,1,1,1
2012-01-09,0,0,0,1
2012-01-10,0,0,0,1
2012-01-13,0,1,0,1
2012-01-16,0,0,1,0
2012-01-22,1,0,0,1
2012-01-25,1,0,0,0
2012-01-31,3,0,0,0
2012-02-07,1,0,0,0
2012-02-09,0,1,0,0
2012-02-10,0,0,1,0
2012-02-15,1,0,0,0
2012-02-16,1,0,0,0
2012-02-21,1,0,1,1
2012-02-24,0,1,0,0
2012-02-28,1,0,0,0
2012-02-29,2,1,0,0
2012-03-01,2,0,0,0
2012-03-02,1,0,1,0
2012-03-12,1,0,0,0
2012-03-14,0,0,0,1
2012-03-16,1,0,0,0
2012-03-27,0,0,0,1
2012-03-31,0,0,0,1
2012-04-02,1,0,0,0
2012-04-03,1,0,1,0
2012-04-05,0,0,0,1
2012-04-11,1,0,0,0
2012-04-20,1,0,0,0
2012-04-23,0,0,0,1
2012-04-24,1,0,0,0
2012-04-27,0,0,0,1
2012-05-01,1,0,0,0
2012-05-04,0,1,0,0
2012-05-05,1,0,0,0
2012-05-07,1,0,0,0
2012-05-15,1,0,0,0
2012-05-16,0,0,0,0
2012-05-19,0,0,0,1
2012-05-22,0,0,0,1
2012-05-24,0,0,0,1
2012-05-31,1,0,1,0
2012-06-01,0,0,0,1
2012-06-04,1,0,0,0
2012-06-05,1,0,0,0
2012-06-11,0,0,0,1
2012-06-15,1,0,0,0
2012-06-19,1,0,0,0
2012-06-20,1,0,0,0
2012-06-21,0,0,0,2
2012-06-22,1,0,0,0
2012-07-01,0,0,0,1
2012-07-02,2,0,0,0
2012-07-06,1,0,0,0
2012-07-17,0,0,1,0
2012-07-19,1,0,0,1
2012-07-24,1,0,0,0
2012-07-29,1,0,0,0
2012-07-31,1,0,0,0
2012-08-01,1,0,0,0
2012-08-09,0,0,1,0
2012-08-10,0,0,0,1
2012-08-14,0,0,1,0
2012-08-16,1,0,0,0
2012-08-23,1,0,0,0
2012-08-28,1,0,0,0
2012-08-31,3,1,0,3
2012-09-04,0,0,1,0
2012-09-05,1,0,0,0
2012-09-06,1,0,0,0
2012-09-07,1,0,0,0
2012-09-08,0,0,0,1
2012-09-11,1,0,0,0
2012-09-12,1,0,0,0
2012-09-19,1,0,0,0
2012-09-20,1,0,0,0
2012-09-25,1,0,0,0
2012-09-26,1,0,0,0
2012-10-01,1,0,0,0
2012-10-03,0,0,0,1
2012-10-04,1,0,0,0
2012-10-10,1,0,0,0
2012-10-11,1,0,1,1
2012-10-13,1,0,0,0
2012-10-17,1,0,0,0
2012-10-19,0,0,0,1
2012-10-23,1,0,0,0
2012-10-24,1,0,0,0
2012-10-26,0,0,1,0
2012-10-27,1,0,0,0
2012-10-30,0,0,0,0
2012-10-31,0,0,1,1
2012-11-01,1,0,0,0
2012-11-05,0,0,1,0
2012-11-07,1,0,0,0
2012-11-08,1,0,0,0
2012-11-14,0,0,1,0
2012-11-15,0,0,0,1
2012-11-19,1,0,0,0
2012-11-21,0,0,1,0
2012-11-27,0,0,0,0
2012-11-28,1,0,0,0
2012-11-30,2,0,1,0
2012-12-01,0,0,0,1
2012-12-05,1,0,0,0
2012-12-07,0,0,0,0
2012-12-08,0,0,1,0
2012-12-09,0,0,0,1
2012-12-11,0,0,0,1
2012-12-12,0,0,0,0
2012-12-23,1,0,0,0
2012-12-26,1,0,0,0
2012-12-27,2,0,1,0
2012-12-28,0,0,1,0
2012-12-31,5,0,2,1
2013,35,8,26,63
2013-01-01,0,1,0,0
2013-01-05,0,0,0,1
2013-01-07,1,0,0,0
2013-01-10,1,0,0,1
2013-01-15,0,0,0,1
2013-01-16,0,1,0,0
2013-01-17,1,0,0,0
2013-01-20,0,0,0,1
2013-01-21,1,0,1,0
2013-01-23,1,0,0,0
2013-01-25,1,0,0,0
2013-01-29,1,0,0,0
2013-01-31,1,0,0,0
2013-02-07,2,0,0,0
2013-02-21,1,0,0,0
2013-02-27,0,0,1,1
2013-02-28,1,0,0,0
2013-03-05,0,0,0,1
2013-03-07,1,0,0,0
2013-03-10,1,0,0,0
2013-03-15,0,0,0,1
2013-03-17,0,0,0,0
2013-03-20,0,0,0,1
2013-03-22,0,0,1,0
2013-03-29,0,0,0,1
2013-03-31,0,0,0,2
2013-04-01,1,0,0,0
2013-04-02,0,0,1,0
2013-04-04,1,0,0,0
2013-04-05,1,0,0,0
2013-04-15,1,0,1,1
2013-04-17,0,0,0,0
2013-04-18,2,0,0,0
2013-04-20,1,0,0,0
2013-04-22,1,0,0,0
2013-04-23,0,0,0,1
2013-04-25,0,0,0,0
2013-04-27,1,0,0,1
2013-04-30,0,0,1,1
2013-05-02,1,0,0,0
2013-05-03,0,0,0,1
2013-05-07,1,0,1,0
2013-05-10,2,0,0,0
2013-05-12,0,0,1,0
2013-05-14,1,0,0,0
2013-05-22,0,0,0,0
2013-05-24,0,0,1,0
2013-05-26,1,0,0,0
2013-05-27,0,0,0,1
2013-05-29,0,0,0,3
2013-05-30,1,0,0,0
2013-05-31,0,0,2,0
2013-06-01,0,0,0,1
2013-06-04,0,0,1,0
2013-06-05,2,0,0,2
2013-06-07,0,0,0,0
2013-06-09,0,1,0,0
2013-06-10,1,0,0,1
2013-06-14,0,0,0,1
2013-06-17,0,1,0,0
2013-06-20,1,0,0,0
2013-06-24,1,0,0,0
2013-06-25,1,0,0,0
2013-06-26,0,0,1,0
2013-06-28,0,0,0,1
2013-06-30,2,0,0,1
2013-07-01,0,0,0,1
2013-07-05,1,0,0,0
2013-07-09,3,0,2,0
2013-07-11,0,0,0,1
2013-07-12,0,0,1,1
2013-07-14,0,0,1,0
2013-07-18,0,0,1,0
2013-07-20,1,0,0,0
2013-07-23,0,0,0,0
2013-07-25,1,0,0,1
2013-07-29,0,0,0,1
2013-07-31,0,1,0,1
2013-08-01,1,1,0,1
2013-08-02,1,0,0,0
2013-08-03,0,0,0,1
2013-08-05,2,0,0,0
2013-08-06,1,0,0,0
2013-08-07,2,0,0,1
2013-08-08,0,0,0,1
2013-08-11,1,0,0,0
2013-08-15,2,0,0,0
2013-08-19,0,0,0,1
2013-08-22,3,1,0,0
2013-08-29,2,0,0,0
2013-08-30,2,0,0,0
2013-08-31,2,0,0,0
2013-09-10,1,0,0,0
2013-09-13,1,0,0,1
2013-09-18,0,0,0,0
2013-09-20,1,0,0,1
2013-09-27,1,0,0,0
2013-09-28,0,0,0,1
2013-09-30,0,0,3,2
2013-10-01,1,0,0,0
2013-10-02,2,0,0,1
2013-10-07,1,0,0,0
2013-10-10,1,0,0,0
2013-10-11,0,0,0,1
2013-10-12,0,0,1,0
2013-10-15,0,0,0,1
2013-10-16,1,0,0,0
2013-10-21,1,0,1,1
2013-10-22,1,0,0,0
2013-10-23,1,0,1,0
2013-10-24,0,1,0,0
2013-10-25,0,0,0,1
2013-10-30,1,0,0,0
2013-10-31,3,1,0,0
2013-11-05,1,0,0,0
2013-11-13,1,0,0,0
2013-11-18,1,0,0,0
2013-11-20,2,0,0,0
2013-11-21,1,0,1,0
2013-11-23,0,0,0,1
2013-11-30,2,0,1,1
2013-12-04,1,0,0,0
2013-12-05,2,0,0,1
2013-12-11,0,0,0,1
2013-12-12,0,0,0,1
2013-12-16,1,0,0,0
2013-12-17,1,0,0,0
2013-12-18,2,0,0,0
2013-12-19,2,0,0,0
2013-12-20,1,0,0,0
2013-12-21,0,0,0,0
2013-12-23,1,0,1,0
2013-12-24,0,0,1,0
2013-12-26,1,0,0,0
2013-12-31,3,0,1,0
2014,37,7,44,84
2014-01-01,0,0,0,1
2014-01-02,2,0,0,0
2014-01-05,0,0,0,3
2014-01-06,1,0,0,1
2014-01-07,1,0,0,0
2014-01-08,1,0,0,0
2014-01-09,0,0,0,1
2014-01-10,2,0,0,0
2014-01-11,1,0,0,0
2014-01-15,1,0,0,0
2014-01-17,2,0,0,0
2014-01-21,1,0,0,0
2014-01-22,2,0,0,0
2014-01-23,0,0,0,0
2014-01-24,1,0,1,1
2014-01-27,1,0,1,0
2014-01-28,1,0,0,1
2014-01-29,0,0,0,1
2014-01-31,3,0,0,2
2014-02-04,1,0,0,0
2014-02-05,0,0,0,1
2014-02-06,1,0,0,0
2014-02-07,1,0,1,0
2014-02-09,0,0,0,1
2014-02-11,0,0,1,0
2014-02-18,0,1,0,0
2014-02-20,1,0,0,0
2014-02-21,1,0,0,0
2014-02-22,1,0,0,0
2014-02-24,0,0,1,1
2014-02-25,1,0,1,0
2014-02-27,1,0,0,0
2014-02-28,2,0,1,0
2014-03-03,0,0,0,1
2014-03-04,1,1,0,1
2014-03-05,1,0,0,0
2014-03-06,0,0,1,0
2014-03-07,1,0,0,0
2014-03-09,1,0,0,0
2014-03-12,1,0,0,0
2014-03-13,1,0,1,0
2014-03-14,2,0,0,0
2014-03-15,1,0,0,0
2014-03-19,1,0,0,0
2014-03-21,1,0,0,0
2014-03-25,1,0,0,0
2014-03-27,0,1,0,1
2014-03-30,1,0,0,0
2014-03-31,1,0,0,4
2014-04-01,1,0,0,0
2014-04-02,1,0,0,0
2014-04-03,1,0,0,0
2014-04-04,1,0,0,1
2014-04-05,0,0,0,1
2014-04-08,0,0,1,0
2014-04-09,1,0,0,0
2014-04-13,0,0,0,1
2014-04-14,1,0,0,0
2014-04-15,2,0,0,0
2014-04-16,0,0,0,0
2014-04-17,1,0,0,1
2014-04-23,1,0,0,0
2014-04-26,0,0,0,1
2014-04-29,1,0,0,0
2014-04-30,1,0,0,0
2014-05-01,0,0,0,1
2014-05-05,1,0,1,1
2014-05-06,1,0,0,0
2014-05-07,1,0,0,0
2014-05-13,3,0,0,0
2014-05-14,1,0,0,0
2014-05-16,1,0,0,1
2014-05-19,0,0,0,1
2014-05-20,0,0,0,1
2014-05-28,2,0,0,0
2014-05-29,0,0,0,1
2014-05-31,1,0,1,0
2014-06-01,0,0,0,1
2014-06-05,1,0,0,2
2014-06-07,0,0,0,1
2014-06-10,1,0,0,0
2014-06-11,2,0,0,0
2014-06-12,1,1,0,1
2014-06-15,0,0,0,1
2014-06-17,1,0,0,0
2014-06-19,1,0,0,2
2014-06-20,0,0,0,1
2014-06-22,1,0,0,1
2014-06-24,0,1,0,0
2014-06-26,1,0,0,0
2014-06-27,1,0,1,0
2014-06-30,0,0,0,0
2014-07-01,0,0,2,2
2014-07-04,0,0,0,1
2014-07-05,0,0,0,1
2014-07-08,1,0,0,0
2014-07-10,0,0,0,2
2014-07-11,0,0,0,1
2014-07-14,0,0,0,2
2014-07-22,0,0,0,1
2014-07-24,0,0,1,0
2014-07-27,0,0,0,1
2014-07-28,0,0,0,0
2014-07-29,1,0,0,0
2014-07-30,1,0,0,0
2014-07-31,2,0,2,0
2014-08-05,2,0,1,2
2014-08-06,0,0,0,2
2014-08-07,1,0,0,0
2014-08-12,2,0,0,1
2014-08-15,0,0,1,0
2014-08-20,0,0,0,3
2014-08-22,0,0,0,0
2014-08-28,1,0,0,0
2014-08-29,1,0,0,0
2014-08-31,1,0,2,0
2014-09-01,0,0,1,0
2014-09-02,1,0,0,0
2014-09-04,1,0,0,0
2014-09-05,1,0,0,0
2014-09-07,1,0,0,0
2014-09-10,1,0,0,0
2014-09-16,0,0,0,1
2014-09-25,1,0,0,1
2014-09-26,1,0,0,1
2014-09-29,1,0,0,0
2014-09-30,1,0,0,0
2014-10-04,0,0,1,0
2014-10-05,0,0,0,1
2014-10-07,1,0,0,0
2014-10-08,1,0,0,0
2014-10-10,1,0,0,0
2014-10-14,0,0,0,1
2014-10-16,1,0,0,2
2014-10-19,0,0,0,1
2014-10-20,1,0,0,0
2014-10-23,0,0,0,1
2014-10-27,1,0,0,0
2014-10-29,0,0,1,0
2014-10-30,1,0,0,0
2014-10-31,0,0,0,2
2014-11-01,0,0,0,0
2014-11-06,0,0,0,1
2014-11-07,2,0,0,1
2014-11-09,0,0,0,1
2014-11-10,0,0,0,0
2014-11-11,0,0,0,1
2014-11-13,1,0,0,1
2014-11-15,0,0,0,0
2014-11-17,1,0,0,0
2014-11-25,0,0,0,1
2014-11-27,1,0,0,0
2014-11-28,0,1,0,0
2014-11-29,0,0,0,1
2014-11-30,1,0,1,0
2014-12-01,0,0,0,1
2014-12-03,1,0,0,0
2014-12-04,1,0,0,0
2014-12-05,3,0,0,0
2014-12-08,1,0,0,0
2014-12-10,1,0,0,0
2014-12-11,1,0,0,1
2014-12-12,1,1,0,1
2014-12-13,1,1,0,0
2014-12-15,0,0,0,1
2014-12-18,0,0,0,0
2014-12-19,1,1,0,0
2014-12-29,1,0,0,0
2014-12-30,2,0,0,1
2014-12-31,4,0,1,3
2015,32,8,41,81
2015-01-01,1,0,0,0
2015-01-05,0,0,0,1
2015-01-06,0,0,0,1
2015-01-08,1,0,0,0
2015-01-09,1,0,0,0
2015-01-13,0,0,1,1
2015-01-14,0,0,1,0
2015-01-15,3,0,0,1
2015-01-16,1,0,0,0
2015-01-25,0,0,0,1
2015-01-26,0,0,1,0
2015-01-27,1,0,0,0
2015-01-31,1,0,0,0
2015-02-03,1,0,0,0
2015-02-04,2,0,0,0
2015-02-09,0,0,0,1
2015-02-10,1,0,0,0
2015-02-11,1,0,0,0
2015-02-13,1,0,0,0
2015-02-14,1,0,0,0
2015-02-15,0,0,0,1
2015-02-17,0,0,0,1
2015-02-20,0,0,0,1
2015-02-22,2,0,0,0
2015-02-24,1,0,0,0
2015-02-25,1,0,0,0
2015-02-27,2,0,0,0
2015-02-28,2,0,0,0
2015-03-01,1,0,0,1
2015-03-05,0,0,0,1
2015-03-06,1,0,0,0
2015-03-09,0,0,0,0
2015-03-10,0,0,0,0
2015-03-12,0,0,0,1
2015-03-13,1,0,0,1
2015-03-14,0,0,0,1
2015-03-17,1,0,0,0
2015-03-18,0,0,1,0
2015-03-19,2,0,0,0
2015-03-21,1,0,0,0
2015-03-23,0,1,0,0
2015-03-25,0,0,0,1
2015-03-26,2,0,0,0
2015-03-28,1,0,0,0
2015-03-30,1,0,0,0
2015-03-31,0,0,0,1
2015-04-01,2,0,1,0
2015-04-03,1,0,0,0
2015-04-07,1,0,0,0
2015-04-08,1,0,0,0
2015-04-09,1,0,0,0
2015-04-13,0,0,1,0
2015-04-15,0,0,1,0
2015-04-16,1,0,0,2
2015-04-18,0,0,0,1
2015-04-24,1,0,0,0
2015-04-27,0,0,1,0
2015-04-30,4,0,0,1
2015-05-01,2,0,0,0
2015-05-07,0,1,0,1
2015-05-12,1,0,0,1
2015-05-15,1,0,0,1
2015-05-19,0,0,0,0
2015-05-20,2,0,0,0
2015-05-21,1,0,0,0
2015-05-22,0,0,0,1
2015-05-23,0,0,0,1
2015-05-27,0,0,0,1
2015-05-31,0,0,0,1
2015-06-01,1,0,1,1
2015-06-03,1,0,0,0
2015-06-06,0,0,0,1
2015-06-07,0,0,0,1
2015-06-08,1,0,0,0
2015-06-12,0,0,0,0
2015-06-13,0,0,1,0
2015-06-15,1,0,0,0
2015-06-18,1,0,0,0
2015-06-19,0,0,0,1
2015-06-23,0,0,0,1
2015-06-29,0,0,1,0
2015-07-01,1,0,0,0
2015-07-02,0,0,0,2
2015-07-05,0,0,0,1
2015-07-08,1,0,0,0
2015-07-10,0,0,1,1
2015-07-20,0,0,0,1
2015-07-21,0,0,0,1
2015-07-22,0,0,1,0
2015-07-25,2,0,0,0
2015-07-28,1,0,0,1
2015-07-29,0,0,1,0
2015-07-31,1,0,1,1
2015-08-01,0,0,0,1
2015-08-03,0,0,0,1
2015-08-04,2,1,0,0
2015-08-05,2,0,1,2
2015-08-06,1,0,0,1
2015-08-07,0,0,0,1
2015-08-08,0,0,0,1
2015-08-11,1,0,0,0
2015-08-12,1,1,0,1
2015-08-13,2,0,0,0
2015-08-14,0,0,0,2
2015-08-15,0,0,0,1
2015-08-18,0,0,1,1
2015-08-20,0,0,0,1
2015-08-21,2,0,0,0
2015-08-24,0,0,0,1
2015-08-26,0,0,0,1
2015-08-28,0,0,1,0
2015-08-29,0,0,0,1
2015-08-31,2,0,0,3
2015-09-01,0,0,0,1
2015-09-03,1,0,0,0
2015-09-04,1,1,0,0
2015-09-05,0,0,1,0
2015-09-07,1,0,0,1
2015-09-08,2,0,1,0
2015-09-10,0,0,0,2
2015-09-11,1,0,0,0
2015-09-13,0,0,0,0
2015-09-14,2,0,0,1
2015-09-15,1,0,0,0
2015-09-16,0,0,0,1
2015-09-18,1,0,0,0
2015-09-21,0,0,1,0
2015-09-22,1,0,0,1
2015-09-23,1,0,0,0
2015-09-29,0,0,0,2
2015-09-30,2,0,0,2
2015-10-01,0,0,1,1
2015-10-06,0,0,0,1
2015-10-07,1,0,0,0
2015-10-14,1,0,0,0
2015-10-16,0,0,1,0
2015-10-20,0,0,1,0
2015-10-22,1,0,0,0
2015-10-23,2,0,1,0
2015-10-24,1,0,0,0
2015-10-25,0,0,0,1
2015-10-27,1,0,0,0
2015-10-29,0,0,1,1
2015-10-30,0,0,0,0
2015-10-31,0,0,0,5
2015-11-01,1,0,0,2
2015-11-02,1,0,0,0
2015-11-03,1,0,0,0
2015-11-04,0,0,0,1
2015-11-05,0,0,0,1
2015-11-06,0,0,0,1
2015-11-07,1,0,0,0
2015-11-14,1,0,1,0
2015-11-16,0,0,0,0
2015-11-23,1,0,1,0
2015-11-24,2,0,0,0
2015-11-26,1,0,0,0
2015-11-28,1,0,0,0
2015-11-30,1,2,0,0
2015-12-01,2,0,0,0
2015-12-02,1,1,0,0
2015-12-05,0,0,0,1
2015-12-07,0,0,0,1
2015-12-09,1,0,0,0
2015-12-11,1,0,0,2
2015-12-13,1,0,0,0
2015-12-15,0,0,0,1
2015-12-16,3,0,0,0
2015-12-18,0,0,0,1
2015-12-21,0,0,0,1
2015-12-22,2,0,0,0
2015-12-23,0,0,1,1
2015-12-25,1,0,0,0
2015-12-28,0,0,0,2
2015-12-29,0,0,0,1
2015-12-30,0,0,0,1
2015-12-31,1,0,0,7
2016,35,4,43,104
2016-01-01,1,1,0,4
2016-01-05,0,1,0,1
2016-01-07,1,0,0,0
2016-01-11,1,0,0,0
2016-01-12,0,0,0,1
2016-01-13,0,0,0,1
2016-01-15,1,0,0,0
2016-01-18,1,0,0,1
2016-01-19,1,0,0,0
2016-01-21,0,0,1,1
2016-01-25,0,0,0,1
2016-01-29,1,0,1,2
2016-01-31,2,0,0,0
2016-02-01,0,0,0,1
2016-02-02,2,0,0,0
2016-02-04,0,0,0,1
2016-02-05,1,0,1,0
2016-02-09,1,0,0,0
2016-02-10,1,0,0,0
2016-02-12,1,0,0,0
2016-02-13,0,0,0,1
2016-02-15,1,0,0,0
2016-02-16,0,0,0,0
2016-02-17,1,0,1,3
2016-02-18,1,0,1,0
2016-02-19,2,0,0,3
2016-02-23,0,0,1,1
2016-02-25,1,0,0,0
2016-02-26,0,0,1,0
2016-02-29,1,0,0,0
2016-03-01,0,0,0,1
2016-03-04,0,1,0,0
2016-03-09,2,0,0,2
2016-03-10,0,0,0,0
2016-03-11,1,0,0,0
2016-03-12,0,0,0,0
2016-03-14,1,0,0,2
2016-03-16,0,0,1,1
2016-03-18,1,1,0,1
2016-03-21,2,0,0,0
2016-03-22,1,0,0,0
2016-03-25,0,0,1,0
2016-03-29,1,0,0,0
2016-03-30,0,0,0,1
2016-03-31,3,1,1,3
2016-04-02,0,0,0,1
2016-04-04,1,0,0,1
2016-04-05,1,1,0,1
2016-04-07,0,0,0,2
2016-04-08,0,0,0,1
2016-04-12,1,0,0,1
2016-04-14,1,0,0,0
2016-04-15,1,0,0,1
2016-04-16,1,0,0,0
2016-04-19,1,0,0,0
2016-04-22,1,0,0,0
2016-04-25,1,0,0,1
2016-04-27,0,0,0,1
2016-04-28,1,0,0,0
2016-04-30,1,1,0,2
2016-05-02,1,0,1,0
2016-05-03,0,0,0,1
2016-05-06,0,0,0,2
2016-05-10,1,0,0,0
2016-05-12,0,0,1,1
2016-05-13,1,0,0,0
2016-05-14,1,0,0,0
2016-05-16,1,0,0,0
2016-05-17,0,0,1,1
2016-05-18,1,0,0,1
2016-05-23,0,0,0,2
2016-05-26,1,0,0,0
2016-05-30,1,0,0,0
2016-05-31,1,0,0,1
2016-06-01,0,0,0,1
2016-06-03,1,0,0,1
2016-06-06,1,0,0,0
2016-06-07,0,0,0,1
2016-06-08,1,1,0,1
2016-06-11,0,0,0,1
2016-06-15,0,0,0,1
2016-06-16,0,0,1,0
2016-06-17,2,0,0,0
2016-06-19,0,0,0,1
2016-06-20,0,0,0,1
2016-06-23,2,0,0,0
2016-06-25,1,0,0,0
2016-06-28,1,0,0,1
2016-06-29,0,0,0,1
2016-06-30,2,0,1,3
2016-07-01,1,0,0,0
2016-07-04,2,0,0,0
2016-07-05,0,0,0,1
2016-07-06,0,0,0,1
2016-07-07,1,0,0,0
2016-07-09,1,0,0,0
2016-07-11,1,0,0,0
2016-07-16,0,0,0,0
2016-07-18,1,0,0,0
2016-07-19,1,0,0,0
2016-07-20,1,0,0,0
2016-07-23,0,0,0,1
2016-07-29,0,0,0,1
2016-07-31,1,0,0,0
2016-08-03,2,0,0,0
2016-08-04,1,0,0,0
2016-08-05,1,1,1,3
2016-08-08,0,0,0,1
2016-08-12,0,1,0,0
2016-08-13,1,0,0,0
2016-08-15,2,0,0,0
2016-08-16,0,0,0,1
2016-08-18,0,0,0,1
2016-08-21,0,0,0,1
2016-08-26,0,1,0,0
2016-08-30,0,1,0,0
2016-08-31,1,0,1,1
2016-09-01,1,0,0,1
2016-09-02,1,0,0,0
2016-09-05,1,0,0,0
2016-09-06,1,0,0,0
2016-09-07,1,0,0,1
2016-09-12,0,1,0,0
2016-09-15,1,0,0,1
2016-09-16,2,0,0,0
2016-09-17,0,0,0,1
2016-09-19,0,0,0,1
2016-09-20,1,0,0,0
2016-09-23,1,0,0,0
2016-09-25,0,1,0,0
2016-09-26,1,0,0,0
2016-09-28,1,0,0,1
2016-09-29,1,0,1,1
2016-09-30,2,0,0,2
2016-10-01,0,0,1,0
2016-10-03,0,0,0,1
2016-10-07,1,0,0,2
2016-10-09,0,0,0,1
2016-10-10,0,0,1,0
2016-10-12,0,1,1,1
2016-10-13,1,0,0,1
2016-10-14,1,0,0,0
2016-10-15,0,0,1,0
2016-10-17,0,0,1,0
2016-10-18,1,0,0,0
2016-10-20,1,0,0,0
2016-10-24,0,1,0,1
2016-10-26,1,0,0,0
2016-10-27,0,0,0,1
2016-11-01,1,0,1,1
2016-11-04,2,1,1,0
2016-11-09,1,0,0,0
2016-11-10,1,0,0,0
2016-11-12,1,0,0,0
2016-11-15,1,1,0,0
2016-11-16,0,0,0,0
2016-11-25,4,0,0,1
2016-11-28,2,0,0,0
2016-11-29,1,0,1,1
2016-11-30,1,0,0,0
2016-12-01,4,0,0,2
2016-12-02,2,0,0,2
2016-12-03,1,0,0,0
2016-12-05,1,0,0,0
2016-12-06,1,0,0,0
2016-12-07,0,0,0,2
2016-12-12,1,0,1,1
2016-12-14,1,0,0,0
2016-12-15,0,0,0,2
2016-12-18,0,0,0,1
2016-12-21,0,0,0,1
2016-12-25,0,0,0,1
2016-12-26,1,0,0,0
2016-12-29,0,0,0,1
2016-12-30,2,0,0,0
2016-12-31,4,1,0,5
2017,35,5,46,83
2017-01-01,0,0,0,1
2017-01-02,0,0,0,1
2017-01-04,1,0,0,0
2017-01-05,0,0,0,0
2017-01-12,0,0,0,1
2017-01-13,0,0,0,1
2017-01-18,1,0,0,0
2017-01-20,0,0,0,1
2017-01-21,1,0,0,0
2017-01-23,0,0,0,0
2017-01-25,0,0,0,1
2017-01-27,0,0,0,0
2017-01-30,1,0,0,0
2017-01-31,5,0,0,2
2017-02-01,0,0,0,1
2017-02-02,0,0,0,1
2017-02-03,1,0,0,0
2017-02-04,0,0,0,0
2017-02-05,0,0,2,1
2017-02-07,1,0,0,0
2017-02-08,2,0,0,2
2017-02-10,1,0,0,0
2017-02-15,0,0,0,1
2017-02-16,1,0,0,0
2017-02-17,0,0,0,1
2017-02-21,0,0,1,1
2017-02-22,3,0,0,0
2017-02-23,1,0,0,0
2017-02-24,1,0,0,0
2017-02-28,4,0,0,0
2017-03-01,1,0,0,0
2017-03-06,1,0,0,0
2017-03-09,1,0,0,0
2017-03-13,0,0,0,2
2017-03-14,0,0,1,0
2017-03-15,3,0,0,0
2017-03-16,0,0,0,0
2017-03-17,0,0,0,0
2017-03-19,0,0,0,0
2017-03-20,0,0,1,0
2017-03-21,1,0,1,0
2017-03-22,0,0,1,1
2017-03-23,0,0,0,1
2017-03-25,0,0,0,1
2017-03-27,0,0,0,0
2017-03-28,1,0,0,0
2017-03-29,1,0,0,0
2017-03-31,1,0,0,0
2017-04-01,3,0,1,2
2017-04-03,1,0,0,0
2017-04-04,1,0,0,0
2017-04-05,0,0,1,1
2017-04-06,0,0,0,1
2017-04-12,1,0,0,0
2017-04-18,1,0,0,0
2017-04-19,1,0,0,0
2017-04-20,1,0,0,1
2017-04-26,0,0,0,1
2017-04-27,0,0,0,1
2017-04-30,2,0,1,0
2017-05-02,2,0,0,0
2017-05-03,1,0,0,0
2017-05-04,2,0,1,1
2017-05-05,1,0,2,0
2017-05-08,1,0,0,0
2017-05-15,1,0,0,1
2017-05-16,1,0,0,0
2017-05-17,0,0,0,1
2017-05-18,1,0,0,0
2017-05-22,0,0,0,0
2017-05-24,1,0,0,0
2017-05-26,2,0,0,0
2017-05-29,1,0,0,0
2017-05-30,1,0,0,0
2017-05-31,1,0,1,1
2017-06-02,0,0,0,1
2017-06-03,0,0,0,1
2017-06-04,0,0,0,0
2017-06-05,1,0,0,0
2017-06-06,3,0,0,0
2017-06-08,0,0,0,2
2017-06-09,1,0,0,0
2017-06-16,0,0,0,1
2017-06-17,1,0,0,0
2017-06-19,0,0,1,1
2017-06-20,0,0,1,0
2017-06-21,0,0,0,1
2017-06-22,1,0,0,0
2017-06-26,2,0,0,0
2017-06-28,0,0,0,1
2017-06-29,1,0,0,0
2017-06-30,3,0,0,0
2017-07-01,1,0,2,0
2017-07-03,1,0,0,0
2017-07-05,1,0,1,1
2017-07-06,2,0,0,1
2017-07-10,0,0,0,1
2017-07-12,1,0,0,0
2017-07-14,0,0,0,0
2017-07-17,1,0,0,1
2017-07-18,0,0,1,0
2017-07-19,2,0,0,0
2017-07-20,0,0,0,1
2017-07-25,1,0,0,0
2017-07-26,1,0,0,0
2017-07-30,0,0,0,2
2017-07-31,2,0,1,3
2017-08-03,2,0,0,0
2017-08-08,1,0,0,1
2017-08-09,1,0,0,0
2017-08-15,2,0,0,0
2017-08-17,0,1,0,0
2017-08-21,1,0,1,0
2017-08-23,1,0,0,0
2017-08-26,1,0,0,0
2017-08-28,0,0,0,1
2017-08-30,1,0,0,0
2017-08-31,2,0,1,0
2017-09-05,1,0,0,2
2017-09-06,0,0,0,1
2017-09-07,1,0,0,1
2017-09-08,0,0,1,0
2017-09-10,0,0,0,1
2017-09-11,0,0,1,1
2017-09-14,0,0,0,1
2017-09-15,0,0,0,1
2017-09-18,1,0,0,0
2017-09-19,0,0,0,1
2017-09-26,1,0,0,0
2017-09-27,0,0,1,0
2017-09-28,0,0,0,2
2017-09-29,0,0,0,2
2017-09-30,2,0,0,3
2017-10-01,0,0,0,1
2017-10-04,0,0,2,5
2017-10-05,1,0,0,1
2017-10-06,1,0,0,1
2017-10-07,1,0,0,0
2017-10-10,1,0,0,0
2017-10-11,0,0,0,0
2017-10-13,0,0,0,1
2017-10-15,1,0,0,0
2017-10-18,0,0,0,2
2017-10-19,0,1,0,0
2017-10-23,0,0,0,1
2017-10-25,0,1,0,0
2017-10-26,1,0,0,0
2017-10-27,0,0,1,0
2017-10-30,1,0,0,1
2017-10-31,2,1,1,1
2017-11-01,1,0,0,0
2017-11-03,0,0,0,0
2017-11-06,1,0,0,1
2017-11-08,1,0,0,0
2017-11-09,4,0,0,0
2017-11-10,1,0,0,0
2017-11-13,0,1,0,0
2017-11-14,1,1,0,0
2017-11-16,1,0,0,0
2017-11-17,0,0,0,1
2017-11-18,1,0,0,0
2017-11-20,0,0,0,1
2017-11-21,1,0,0,0
2017-11-22,1,0,0,0
2017-11-25,0,0,0,1
2017-11-27,1,0,0,0
2017-11-28,2,0,0,1
2017-11-29,0,0,1,0
2017-11-30,4,0,0,0
2017-12-01,1,0,0,2
2017-12-05,1,0,0,8
2017-12-06,2,0,0,0
2017-12-08,1,0,0,0
2017-12-12,1,0,0,0
2017-12-16,1,0,0,0
2017-12-18,0,1,0,1
2017-12-19,0,0,0,0
2017-12-20,1,0,0,0
2017-12-22,0,1,0,0
2017-12-31,7,0,2,2
2018,47,5,36,79
2018-01-01,1,0,0,0
2018-01-04,0,0,1,1
2018-01-05,0,0,0,0
2018-01-08,2,0,0,0
2018-01-10,0,0,0,1
2018-01-11,2,0,0,2
2018-01-12,0,0,0,0
2018-01-15,3,0,0,0
2018-01-19,0,0,0,2
2018-01-22,1,0,0,0
2018-01-23,1,0,0,1
2018-01-24,2,0,0,1
2018-01-25,2,0,0,0
2018-01-26,1,0,0,0
2018-01-29,1,0,0,0
2018-01-30,0,0,0,1
2018-01-31,4,0,0,1
2018-02-01,1,0,0,2
2018-02-02,0,0,0,1
2018-02-05,0,1,0,1
2018-02-06,1,0,1,1
2018-02-08,2,0,1,1
2018-02-14,0,0,0,1
2018-02-15,3,0,0,2
2018-02-17,0,1,0,0
2018-02-20,1,0,0,0
2018-02-21,0,0,0,1
2018-02-22,1,0,1,0
2018-02-27,0,0,0,1
2018-02-28,2,0,0,0
2018-03-02,0,0,1,0
2018-03-06,1,0,0,1
2018-03-07,1,1,0,0
2018-03-14,1,0,0,1
2018-03-15,2,0,0,0
2018-03-16,1,0,0,0
2018-03-20,0,0,1,1
2018-03-21,1,0,0,0
2018-03-22,1,0,0,0
2018-03-23,1,0,0,1
2018-03-26,1,0,0,0
2018-03-27,0,0,0,1
2018-03-28,0,0,1,0
2018-03-29,1,0,0,0
2018-03-31,1,0,0,2
2018-04-01,1,0,1,1
2018-04-03,1,0,0,1
2018-04-04,1,0,0,0
2018-04-06,0,0,0,1
2018-04-09,1,0,0,1
2018-04-10,2,0,1,0
2018-04-11,1,0,0,1
2018-04-12,1,0,0,1
2018-04-13,0,1,0,2
2018-04-17,0,0,1,0
2018-04-19,1,0,0,0
2018-04-20,0,0,1,2
2018-04-21,0,0,0,1
2018-04-24,1,0,0,0
2018-04-25,1,0,0,0
2018-04-30,1,0,1,0
2018-05-02,1,0,0,1
2018-05-03,1,0,0,0
2018-05-04,0,0,2,0
2018-05-06,0,0,1,0
2018-05-11,0,0,0,0
2018-05-12,1,0,0,0
2018-05-15,1,0,0,1
2018-05-16,1,0,0,1
2018-05-18,1,0,0,0
2018-05-21,1,0,0,1
2018-05-22,0,0,0,1
2018-05-25,0,1,0,1
2018-05-26,0,0,0,1
2018-05-28,0,0,0,1
2018-05-29,2,0,0,0
2018-05-30,0,0,0,1
2018-05-31,6,0,0,2
2018-06-05,1,0,0,0
2018-06-06,0,0,0,0
2018-06-08,0,0,0,0
2018-06-12,0,1,0,0
2018-06-17,0,0,0,1
2018-06-18,1,0,0,1
2018-06-19,1,0,0,0
2018-06-21,0,0,0,1
2018-06-22,0,0,0,1
2018-06-25,1,0,0,0
2018-06-26,1,0,0,0
2018-06-27,0,0,0,1
2018-06-28,2,0,0,0
2018-06-30,3,0,0,3
2018-07-01,1,0,0,0
2018-07-02,0,0,0,1
2018-07-03,1,0,0,0
2018-07-04,0,1,0,0
2018-07-05,3,0,0,0
2018-07-06,0,0,0,1
2018-07-07,0,0,0,2
2018-07-11,0,0,2,0
2018-07-13,0,0,0,1
2018-07-14,0,1,0,0
2018-07-15,1,0,0,0
2018-07-16,1,0,0,0
2018-07-18,1,0,0,0
2018-07-19,0,0,1,0
2018-07-20,1,0,0,0
2018-07-25,0,0,1,0
2018-07-26,1,0,0,1
2018-07-28,0,0,0,1
2018-07-31,3,1,1,2
2018-08-01,1,0,0,0
2018-08-04,1,0,0,0
2018-08-05,0,0,1,0
2018-08-06,0,0,0,1
2018-08-07,1,0,0,0
2018-08-08,1,0,0,0
2018-08-09,1,0,0,0
2018-08-14,0,0,0,1
2018-08-16,1,0,0,0
2018-08-18,0,0,1,1
2018-08-20,1,0,0,0
2018-08-24,0,0,0,0
2018-08-27,1,0,0,0
2018-08-28,0,0,0,0
2018-08-29,1,0,1,0
2018-08-31,3,1,1,2
2018-09-02,1,0,0,0
2018-09-03,1,0,0,0
2018-09-05,1,1,0,1
2018-09-07,1,0,0,0
2018-09-08,0,0,0,0
2018-09-10,1,0,0,0
2018-09-12,2,0,0,1
2018-09-15,2,0,0,0
2018-09-17,0,0,1,0
2018-09-18,1,0,0,0
2018-09-20,0,0,0,0
2018-09-21,0,0,0,0
2018-09-24,0,0,0,0
2018-09-25,0,0,0,1
2018-09-27,0,0,0,1
2018-09-30,0,0,0,2
2018-10-01,2,0,0,0
2018-10-02,0,0,0,1
2018-10-03,2,0,0,0
2018-10-04,1,0,0,0
2018-10-07,1,0,0,0
2018-10-08,1,0,0,1
2018-10-10,0,0,0,2
2018-10-12,0,0,0,1
2018-10-15,0,0,0,1
2018-10-17,1,0,0,0
2018-10-19,1,0,0,0
2018-10-24,1,0,0,0
2018-10-25,0,1,0,0
2018-10-28,1,0,0,0
2018-10-29,1,0,1,0
2018-10-30,1,0,0,0
2018-10-31,4,0,0,1
2018-11-04,1,0,0,0
2018-11-05,0,0,0,1
2018-11-06,0,0,0,1
2018-11-09,1,0,0,0
2018-11-13,0,1,0,1
2018-11-14,1,0,0,0
2018-11-15,1,0,0,1
2018-11-16,0,0,1,0
2018-11-19,1,0,0,0
2018-11-22,1,0,0,0
2018-11-24,4,0,0,0
2018-11-26,0,0,0,2
2018-11-27,0,0,1,0
2018-11-28,1,0,0,0
2018-11-29,0,0,0,0
2018-12-04,2,0,0,0
2018-12-05,1,0,0,0
2018-12-06,2,0,0,0
2018-12-07,2,0,0,0
2018-12-10,1,0,1,0
2018-12-14,0,0,0,1
2018-12-18,1,0,1,2
2018-12-19,0,0,0,1
2018-12-20,1,0,0,0
2018-12-24,0,0,0,1
2018-12-27,1,1,0,0
2018-12-28,0,0,0,1
2018-12-31,4,0,0,3
2019,20,5,25,48
2019-01-01,0,0,1,0
2019-01-02,1,0,0,0
2019-01-03,1,0,0,0
2019-01-05,1,0,0,0
2019-01-07,1,0,0,0
2019-01-08,1,0,0,1
2019-01-09,2,0,0,0
2019-01-10,1,0,0,0
2019-01-11,1,0,0,1
2019-01-14,0,0,0,1
2019-01-18,2,0,1,0
2019-01-21,1,0,0,1
2019-01-22,2,0,0,0
2019-01-24,0,0,0,1
2019-01-25,2,0,0,1
2019-01-29,0,0,1,2
2019-01-30,1,0,0,0
2019-01-31,1,0,0,2
2019-02-01,3,0,0,0
2019-02-02,0,0,0,1
2019-02-04,1,0,0,1
2019-02-05,0,0,0,2
2019-02-06,0,0,0,1
2019-02-07,1,0,0,1
2019-02-09,1,0,0,0
2019-02-11,1,0,0,0
2019-02-13,0,0,0,2
2019-02-15,0,0,0,0
2019-02-16,1,0,0,0
2019-02-20,2,0,0,0
2019-02-22,0,0,1,0
2019-02-23,0,0,1,0
2019-02-25,2,0,0,1
2019-02-27,1,0,1,0
2019-02-28,1,0,1,1
2019-03-01,1,0,0,2
2019-03-02,1,0,0,0
2019-03-04,1,0,1,0
2019-03-05,0,0,0,1
2019-03-06,0,0,0,1
2019-03-07,1,0,0,0
2019-03-08,0,0,0,1
2019-03-11,0,0,0,0
2019-03-12,1,0,0,1
2019-03-14,0,1,1,0
2019-03-15,0,0,0,2
2019-03-16,0,0,0,1
2019-03-19,1,1,0,0
2019-03-21,2,0,0,0
2019-03-23,1,0,0,1
2019-03-25,1,0,0,0
2019-03-26,0,0,0,1
2019-03-30,0,0,0,1
2019-03-31,5,0,0,1
2019-04-01,0,0,0,1
2019-04-02,2,0,0,0
2019-04-03,0,0,0,1
2019-04-04,0,0,1,0
2019-04-05,1,0,0,0
2019-04-09,1,0,0,0
2019-04-10,1,0,0,1
2019-04-11,1,0,1,0
2019-04-15,2,0,0,0
2019-04-16,0,0,0,2
2019-04-17,1,0,0,0
2019-04-18,0,0,0,1
2019-04-20,0,0,0,1
2019-04-23,0,0,1,0
2019-04-25,2,0,0,1
2019-04-27,1,0,0,0
2019-04-30,3,0,0,1
2019-05-01,3,0,0,0
2019-05-03,1,0,0,0
2019-05-05,1,0,0,2
2019-05-06,0,0,0,2
2019-05-07,1,0,0,1
2019-05-08,1,0,1,0
2019-05-10,4,0,0,2
2019-05-13,0,0,0,1
2019-05-14,0,0,0,1
2019-05-15,2,0,0,0
2019-05-20,4,0,0,0
2019-05-23,0,0,0,2
2019-05-24,1,0,0,0
2019-05-27,1,0,0,0
2019-05-28,0,0,0,1
2019-05-29,3,0,0,0
2019-05-31,1,0,0,1
2019-06-03,2,0,0,0
2019-06-05,2,0,0,1
2019-06-06,0,1,0,1
2019-06-07,0,0,1,3
2019-06-08,1,0,0,0
2019-06-11,0,0,1,0
2019-06-12,1,0,0,1
2019-06-13,2,0,0,0
2019-06-19,1,0,0,1
2019-06-20,1,0,0,0
2019-06-21,2,0,0,2
2019-06-24,1,0,0,0
2019-06-25,0,0,0,2
2019-06-27,0,0,0,1
2019-06-28,0,0,0,1
2019-06-29,1,0,0,0
2019-06-30,5,1,1,0
2019-07-02,2,0,0,0
2019-07-03,1,0,0,0
2019-07-05,1,0,0,1
2019-07-07,0,0,0,0
2019-07-08,0,0,0,1
2019-07-09,0,0,0,2
2019-07-10,1,0,0,0
2019-07-11,0,0,0,1
2019-07-12,1,1,1,0
2019-07-13,1,0,0,0
2019-07-14,0,1,0,1
2019-07-15,2,1,1,1
2019-07-18,1,0,0,2
2019-07-23,0,0,0,1
2019-07-24,0,0,0,1
2019-07-25,0,0,0,1
2019-07-29,1,0,0,0
2019-07-31,1,1,0,2
2019-08-01,1,0,0,0
2019-08-02,0,0,0,1
2019-08-05,2,0,0,0
2019-08-06,1,0,0,0
2019-08-07,2,0,0,0
2019-08-08,0,0,0,2
2019-08-09,1,0,0,0
2019-08-14,1,0,0,0
2019-08-15,0,0,0,1
2019-08-19,1,0,0,2
2019-08-20,1,0,0,0
2019-08-22,2,1,0,2
2019-08-23,0,0,0,0
2019-08-24,1,0,0,0
2019-08-27,2,0,0,1
2019-08-30,0,0,0,1
2019-09-01,2,0,0,0
2019-09-02,3,0,0,0
2019-09-03,1,0,0,0
2019-09-05,3,1,0,0
2019-09-06,0,0,1,0
2019-09-07,0,0,1,0
2019-09-09,1,0,1,0
2019-09-10,1,0,0,1
2019-09-11,0,0,0,1
2019-09-12,0,1,0,0
2019-09-13,1,0,0,1
2019-09-16,1,0,0,0
2019-09-18,2,0,0,0
2019-09-20,0,0,1,0
2019-09-23,0,0,0,1
2019-09-24,0,0,1,0
2019-09-26,2,0,0,1
2019-09-30,7,0,1,0
2019-10-01,0,0,0,1
2019-10-02,0,0,0,1
2019-10-05,1,0,0,0
2019-10-12,2,0,0,0
2019-10-14,0,0,0,1
2019-10-17,0,0,1,0
2019-10-19,0,0,0,1
2019-10-21,0,0,0,1
2019-10-22,2,0,0,2
2019-10-23,0,0,0,1
2019-10-24,1,0,0,1
2019-10-25,0,0,0,1
2019-10-26,1,0,0,0
2019-10-28,1,0,0,1
2019-10-29,1,1,0,0
2019-10-30,1,0,0,0
2019-10-31,4,0,1,0
2019-11-01,0,0,1,1
2019-11-02,1,0,0,0
2019-11-04,1,0,0,0
2019-11-05,0,0,0,1
2019-11-06,0,0,3,2
2019-11-08,1,0,0,0
2019-11-09,0,1,0,1
2019-11-13,0,0,0,1
2019-11-14,1,0,0,0
2019-11-18,0,0,0,1
2019-11-19,1,0,0,0
2019-11-20,1,0,0,0
2019-11-21,1,0,2,0
2019-11-23,0,0,1,0
2019-11-25,1,0,0,0
2019-11-26,2,0,0,0
2019-11-28,1,0,0,0
2019-11-29,0,0,1,0
2019-11-30,2,0,0,1
2019-12-01,1,0,0,5
2019-12-03,0,0,1,0
2019-12-05,0,0,0,2
2019-12-06,0,1,0,1
2019-12-09,1,0,0,0
2019-12-10,1,0,0,2
2019-12-11,1,0,0,1
2019-12-13,2,0,0,1
2019-12-14,1,0,0,1
2019-12-18,0,0,0,1
2019-12-19,0,0,0,2
2019-12-21,0,0,0,1
2019-12-23,1,0,1,1
2019-12-24,0,0,1,0
2019-12-25,1,0,0,0
2019-12-26,0,0,0,1
2019-12-27,1,0,0,1
2019-12-28,0,1,0,0
2019-12-31,4,0,1,1
2020,3243,497,151,782
2020-01-01,7,0,1,3
2020-01-02,0,0,1,2
2020-01-05,0,0,1,1
2020-01-06,1,0,0,0
2020-01-07,1,0,1,1
2020-01-08,0,0,0,1
2020-01-09,0,0,2,1
2020-01-10,0,0,0,1
2020-01-12,0,0,1,0
2020-01-13,1,0,0,1
2020-01-14,1,0,0,0
2020-01-15,1,0,0,0
2020-01-16,1,0,0,1
2020-01-17,0,0,1,1
2020-01-18,0,0,0,1
2020-01-20,1,0,0,0
2020-01-21,0,0,0,1
2020-01-22,4,0,0,3
2020-01-23,3,0,1,1
2020-01-24,6,0,1,0
2020-01-25,5,0,0,0
2020-01-26,2,0,0,0
2020-01-27,4,0,0,0
2020-01-28,9,0,0,0
2020-01-29,6,0,0,0
2020-01-30,8,0,0,0
2020-01-31,7,0,2,1
2020-02-01,11,0,0,1
2020-02-02,10,0,0,1
2020-02-03,9,0,0,0
2020-02-04,4,0,0,0
2020-02-05,14,0,0,0
2020-02-06,2,0,1,1
2020-02-07,11,0,1,0
2020-02-08,2,0,0,0
2020-02-09,5,0,0,0
2020-02-10,5,0,0,0
2020-02-11,18,0,0,2
2020-02-12,15,0,1,0
2020-02-13,16,0,0,2
2020-02-14,15,0,0,1
2020-02-15,1,0,0,1
2020-02-16,1,0,0,0
2020-02-17,18,0,2,1
2020-02-18,20,1,0,2
2020-02-19,10,0,0,1
2020-02-20,27,0,0,0
2020-02-21,12,0,0,0
2020-02-22,6,1,0,0
2020-02-23,21,0,0,1
2020-02-24,9,0,0,0
2020-02-25,24,0,0,0
2020-02-26,15,0,0,0
2020-02-27,24,0,0,2
2020-02-28,14,0,1,1
2020-02-29,14,1,0,1
2020-03-01,26,0,2,5
2020-03-02,10,0,0,1
2020-03-03,30,0,0,0
2020-03-04,11,1,1,1
2020-03-05,16,0,0,0
2020-03-06,33,1,0,3
2020-03-07,7,0,0,0
2020-03-08,15,1,0,2
2020-03-09,8,0,1,0
2020-03-10,18,0,3,4
2020-03-11,15,0,0,0
2020-03-12,33,0,2,2
2020-03-13,28,0,0,2
2020-03-14,4,1,0,2
2020-03-15,10,0,0,0
2020-03-16,29,0,1,5
2020-03-17,29,3,1,4
2020-03-18,14,3,0,2
2020-03-19,16,3,0,0
2020-03-20,29,5,1,4
2020-03-21,5,1,1,1
2020-03-22,3,2,1,2
2020-03-23,28,3,0,5
2020-03-24,17,3,2,5
2020-03-25,18,2,1,2
2020-03-26,29,2,1,3
2020-03-27,42,8,0,6
2020-03-28,14,2,0,2
2020-03-29,9,1,0,0
2020-03-30,54,7,2,13
2020-03-31,57,7,1,7
2020-04-01,52,10,5,5
2020-04-02,30,5,0,5
2020-04-03,20,5,0,14
2020-04-04,16,3,0,2
2020-04-05,7,3,1,2
2020-04-06,42,6,1,14
2020-04-07,23,10,1,6
2020-04-08,35,4,3,9
2020-04-09,26,3,4,11
2020-04-10,36,11,1,18
2020-04-11,34,10,2,14
2020-04-12,6,2,0,1
2020-04-13,12,3,0,7
2020-04-14,34,6,2,10
2020-04-15,33,4,0,7
2020-04-16,28,9,2,13
2020-04-17,43,8,6,19
2020-04-18,24,4,4,6
2020-04-19,10,1,0,2
2020-04-20,30,4,2,9
2020-04-21,29,3,3,15
2020-04-22,37,11,7,11
2020-04-23,33,8,2,14
2020-04-24,41,6,2,13
2020-04-25,18,8,0,12
2020-04-26,15,5,0,5
2020-04-27,44,7,0,12
2020-04-28,38,4,4,21
2020-04-29,41,12,2,21
2020-04-30,43,9,2,16
2020-05-01,50,18,1,26
2020-05-02,11,3,1,4
2020-05-03,11,3,1,7
2020-05-04,23,8,1,9
2020-05-05,41,13,2,19
2020-05-06,37,8,4,13
2020-05-07,25,8,4,21
2020-05-08,33,9,5,21
2020-05-09,21,7,3,7
2020-05-10,7,2,0,5
2020-05-11,46,16,5,20
2020-05-12,38,14,3,10
2020-05-13,23,8,4,15
2020-05-14,45,9,6,13
2020-05-15,39,10,9,17
2020-05-16,31,8,1,10
2020-05-17,6,4,1,8
2020-05-18,36,11,3,14
2020-05-19,35,11,2,20
2020-05-20,28,11,1,16
2020-05-21,25,7,3,12
2020-05-22,42,13,0,25
2020-05-23,16,6,0,8
2020-05-24,12,4,1,11
2020-05-25,27,10,3,17
2020-05-26,30,15,7,25
2020-05-27,30,8,7,12
2020-05-28,21,8,3,16
2020-05-29,52,9,4,29
2020-05-30,20,4,1,18
2020-05-31,23,3,2,5
2020-06-01,50,12,3,21
2020-06-02,31,7,6,14
2020-06-03,27,9,5,15
2020-06-04,31,7,2,21
2020-06-05,47,10,3,14
2020-06-06,12,2,4,6
2020-06-07,13,4,1,3
2020-06-08,20,9,3,13
2020-06-09,30,15,4,19
2020-06-10,21,9,2,16
2020-06-11,16,11,2,21
2020-06-12,42,4,2,22
2020-06-13,14,5,1,3
2020-06-14,6,4,2,7
2020-06-15,22,7,1,14
2020-06-16,26,10,3,28
2020-06-17,26,3,2,17
2020-06-18,15,5,6,15
2020-06-19,28,6,4,20
2020-06-20,16,6,2,9
2020-06-21,8,1,1,5
2020-06-22,21,8,0,9
2020-06-23,14,7,4,10
2020-06-24,19,6,2,7
2020-06-25,16,5,1,20
2020-06-26,30,7,2,20
2020-06-27,14,1,0,7
2020-06-28,7,4,1,8
2020-06-29,18,11,5,15
2020-06-30,36,7,1,13
2020-07-01,20,5,2,12
2020-07-02,15,1,1,7
2020-07-03,1,0,0,2
2020-07-05,13,0,0,0
2020-07-10,1,1,0,1
2020-07-15,1,1,0,0
2020-07-20,0,0,0,0
2020-07-31,5,1,0,1
2020-08-01,5,1,0,1
2020-08-10,2,0,0,0
2020-08-15,1,0,0,0
2020-08-20,2,0,0,0
2020-08-25,0,0,0,0
2020-08-31,1,1,0,1
2020-09-01,2,0,0,0
2020-09-05,1,0,0,0
2020-09-16,1,0,0,0
2020-09-30,1,0,0,0
2020-10-01,2,0,0,0
2020-11-10,0,1,0,0
2020-11-30,1,0,0,1
2020-12-01,3,0,0,0
2020-12-31,1,0,1,7
