publish_date,counts
1870,1
1874,1
1885,1
1890,1
1894,1
1899,2
1901,1
1902,2
1907,1
1918,1
1922,1
1925,1
1931,2
1940,1
1941,1
1942,2
1947,1
1948,1
1950,4
1951,7
1952,3
1953,1
1954,1
1955,4
1955-10-31,1
1956,1
1957,4
1957-08-01,1
1957-10-01,1
1958,1
1959,1
1960,1
1961-09-26,1
1962,3
1962-09-01,1
1963,2
1963-05-01,1
1964,6
1964-01-01,1
1964-02-01,1
1965,3
1965-01-01,1
1967,3
1967-03-31,1
1968,7
1968-07-01,1
1969,11
1969-03-26,1
1969-11-08,1
1969-11-26,1
1970,27
1970-01-01,1
1970-03-07,1
1970-03-31,2
1970-04-30,1
1970-05-26,1
1970-06-26,1
1970-10-17,1
1970-10-26,1
1971,14
1971-01-01,1
1971-05-01,1
1971-06-26,1
1971-07-26,1
1971-07-31,2
1971-11-30,1
1972,24
1972-02-26,1
1972-03-31,1
1972-05-31,1
1972-06-01,1
1972-07-26,2
1972-08-26,4
1972-10-01,1
1972-12-31,2
1973,30
1973-01-31,1
1973-04-30,2
1973-07-31,1
1973-08-04,1
1973-08-26,1
1973-08-31,1
1973-09-01,1
1973-10-01,1
1973-11-26,1
1973-11-30,1
1974,20
1974-02-26,1
1974-03-01,1
1974-03-26,1
1974-04-01,1
1974-04-08,1
1974-09-26,1
1974-10-15,1
1974-10-26,1
1974-11-01,1
1974-11-26,1
1974-12-26,2
1974-12-31,2
1975,37
1975-01-04,1
1975-02-01,1
1975-03-15,1
1975-03-26,1
1975-04-01,1
1975-05-10,1
1975-05-24,1
1975-07-05,1
1975-07-12,1
1975-08-09,1
1975-09-06,1
1975-09-13,1
1975-09-26,1
1975-10-25,4
1975-11-15,1
1975-12-27,1
1976,40
1976-02-07,1
1976-03-01,1
1976-03-06,1
1976-04-30,1
1976-05-15,1
1976-05-31,1
1976-06-26,2
1976-06-30,2
1976-07-03,1
1976-07-26,1
1976-07-31,1
1976-09-01,1
1976-09-30,1
1976-11-30,1
1976-12-26,1
1976-12-31,1
1977,57
1977-01-26,1
1977-01-29,1
1977-02-26,1
1977-02-28,2
1977-03-26,2
1977-04-01,1
1977-04-30,4
1977-05-15,1
1977-05-26,1
1977-06-30,2
1977-08-26,1
1977-10-26,1
1977-10-31,1
1977-11-26,2
1977-12-03,1
1977-12-31,2
1978,76
1978-01-07,1
1978-01-21,1
1978-01-26,1
1978-02-28,1
1978-03-31,1
1978-04-26,1
1978-04-30,2
1978-05-15,1
1978-05-27,1
1978-06-03,1
1978-07-15,2
1978-08-01,1
1978-08-26,1
1978-09-30,1
1978-10-15,2
1978-10-31,1
1978-11-30,1
1978-12-01,1
1978-12-26,1
1978-12-31,4
1979,77
1979-02-01,1
1979-02-28,1
1979-03-01,3
1979-03-31,1
1979-04-30,5
1979-05-01,1
1979-06-30,1
1979-08-31,1
1979-10-30,1
1979-11-26,1
1979-12-31,3
1980,89
1980-01-26,1
1980-01-30,1
1980-03-01,1
1980-03-26,1
1980-03-31,1
1980-04-30,2
1980-06-30,2
1980-07-01,2
1980-07-12,2
1980-07-31,1
1980-09-30,4
1980-10-01,1
1980-11-01,2
1980-11-26,1
1980-11-30,1
1980-12-06,2
1980-12-27,2
1980-12-31,4
1981,135
1981-01-01,1
1981-01-26,1
1981-01-30,2
1981-01-31,1
1981-02-28,2
1981-03-01,1
1981-03-26,1
1981-03-31,1
1981-04-01,1
1981-04-15,1
1981-04-30,1
1981-05-31,1
1981-06-30,4
1981-07-30,2
1981-08-26,1
1981-09-26,1
1981-09-30,2
1981-10-01,2
1981-10-15,1
1981-10-24,2
1981-10-31,5
1981-11-30,2
1981-12-25,1
1981-12-31,6
1982,109
1982-01-15,1
1982-01-26,2
1982-01-30,1
1982-01-31,1
1982-02-26,1
1982-03-26,1
1982-03-31,2
1982-04-07,1
1982-04-29,2
1982-04-30,3
1982-05-08,2
1982-06-30,4
1982-07-01,1
1982-07-31,3
1982-09-25,1
1982-09-30,3
1982-10-29,1
1982-10-31,1
1982-11-30,2
1982-12-13,1
1982-12-31,3
1983,110
1983-01-31,3
1983-02-11,1
1983-02-28,1
1983-03-31,5
1983-04-30,2
1983-05-31,2
1983-06-04,1
1983-06-30,1
1983-07-01,1
1983-07-30,2
1983-07-31,2
1983-08-11,1
1983-08-26,1
1983-08-31,3
1983-09-01,1
1983-09-10,1
1983-09-30,1
1983-10-15,1
1983-10-30,2
1983-11-30,1
1983-12-31,8
1984,149
1984-01-01,1
1984-01-26,1
1984-01-30,2
1984-01-31,1
1984-02-29,3
1984-03-26,1
1984-03-31,2
1984-04-15,2
1984-04-30,4
1984-05-12,1
1984-06-15,1
1984-06-26,1
1984-06-30,2
1984-07-01,1
1984-07-07,1
1984-07-31,1
1984-08-01,1
1984-08-31,5
1984-09-01,1
1984-09-04,1
1984-09-15,1
1984-09-30,5
1984-10-12,1
1984-10-26,3
1984-10-31,4
1984-11-26,1
1984-11-30,2
1984-12-01,4
1984-12-15,1
1984-12-31,8
1985,133
1985-01-26,3
1985-01-31,4
1985-02-11,1
1985-02-28,4
1985-03-02,1
1985-03-20,1
1985-03-31,3
1985-04-01,1
1985-04-15,1
1985-04-26,2
1985-04-30,3
1985-05-26,1
1985-05-31,5
1985-06-08,1
1985-06-19,1
1985-06-28,4
1985-06-30,1
1985-07-20,1
1985-07-31,4
1985-08-31,2
1985-09-30,2
1985-10-01,1
1985-10-24,1
1985-10-26,1
1985-10-31,1
1985-11-30,4
1985-12-01,1
1985-12-26,1
1985-12-31,15
1986,149
1986-01-01,2
1986-01-10,1
1986-01-26,1
1986-01-31,1
1986-02-15,1
1986-02-28,5
1986-03-31,3
1986-04-11,1
1986-04-19,1
1986-04-26,1
1986-04-30,1
1986-05-01,1
1986-05-26,1
1986-05-31,4
1986-06-01,2
1986-06-30,3
1986-07-01,1
1986-07-08,1
1986-07-26,1
1986-07-31,3
1986-08-01,2
1986-08-11,1
1986-08-26,1
1986-08-31,5
1986-09-12,1
1986-09-26,5
1986-09-30,1
1986-10-01,1
1986-10-10,1
1986-10-26,3
1986-10-27,1
1986-11-01,1
1986-11-05,1
1986-11-07,1
1986-11-21,1
1986-11-26,1
1986-11-30,7
1986-12-01,1
1986-12-26,1
1986-12-27,1
1986-12-31,6
1987,199
1987-01-26,3
1987-01-31,2
1987-02-26,1
1987-02-28,6
1987-03-26,1
1987-03-31,2
1987-04-30,5
1987-05-01,1
1987-05-31,2
1987-06-01,1
1987-06-19,1
1987-06-26,1
1987-06-30,4
1987-07-01,1
1987-07-17,6
1987-07-31,3
1987-08-03,1
1987-08-14,1
1987-08-20,1
1987-08-31,1
1987-09-01,2
1987-09-30,11
1987-10-01,3
1987-10-31,1
1987-11-26,1
1987-11-30,4
1987-12-01,2
1987-12-26,2
1987-12-31,19
1988,172
1988-01-15,1
1988-01-31,1
1988-02-26,2
1988-02-29,9
1988-03-01,1
1988-03-11,1
1988-03-26,1
1988-03-31,4
1988-04-26,2
1988-04-30,6
1988-05-01,1
1988-05-25,1
1988-05-31,5
1988-06-01,1
1988-06-30,4
1988-07-01,2
1988-07-11,1
1988-08-01,4
1988-08-26,1
1988-08-31,5
1988-09-09,1
1988-09-16,1
1988-09-23,1
1988-09-26,3
1988-09-30,7
1988-10-14,1
1988-10-21,1
1988-10-31,9
1988-11-01,2
1988-11-04,1
1988-11-05,1
1988-11-11,1
1988-11-25,1
1988-11-30,4
1988-12-01,1
1988-12-23,1
1988-12-31,4
1989,217
1989-01-01,1
1989-01-26,1
1989-01-31,6
1989-02-01,1
1989-02-28,3
1989-03-01,1
1989-03-10,1
1989-03-15,1
1989-03-31,6
1989-04-01,1
1989-04-30,2
1989-05-01,4
1989-05-05,1
1989-05-12,2
1989-05-19,1
1989-05-31,5
1989-06-26,3
1989-06-30,7
1989-07-14,1
1989-07-15,1
1989-07-25,1
1989-07-31,5
1989-08-11,1
1989-08-31,5
1989-09-01,1
1989-09-12,1
1989-09-22,1
1989-09-25,1
1989-09-30,4
1989-10-01,2
1989-10-26,1
1989-10-31,7
1989-11-01,1
1989-11-30,4
1989-12-01,3
1989-12-06,1
1989-12-22,1
1989-12-28,2
1989-12-31,11
1990,278
1990-01-01,1
1990-01-15,1
1990-01-31,7
1990-02-01,1
1990-02-11,1
1990-02-28,3
1990-03-01,1
1990-03-09,2
1990-03-11,2
1990-03-25,1
1990-03-26,1
1990-03-31,4
1990-04-10,1
1990-04-11,3
1990-04-25,1
1990-04-26,2
1990-04-30,6
1990-05-01,2
1990-05-07,1
1990-05-11,1
1990-05-31,4
1990-06-01,1
1990-06-11,2
1990-06-25,1
1990-06-26,1
1990-06-30,2
1990-07-01,1
1990-07-13,1
1990-07-20,1
1990-07-25,1
1990-07-27,1
1990-07-31,5
1990-08-01,1
1990-08-07,1
1990-08-10,1
1990-08-11,1
1990-08-25,1
1990-08-26,1
1990-08-27,1
1990-08-31,6
1990-09-01,3
1990-09-25,1
1990-09-30,3
1990-10-01,1
1990-10-06,1
1990-10-15,1
1990-10-31,4
1990-11-01,2
1990-11-30,3
1990-12-01,1
1990-12-26,2
1990-12-31,9
1991,239
1991-01-01,2
1991-01-07,2
1991-01-25,1
1991-01-31,6
1991-02-01,1
1991-02-15,1
1991-02-26,1
1991-02-28,2
1991-03-01,1
1991-03-31,4
1991-04-01,1
1991-04-06,1
1991-04-26,2
1991-04-30,2
1991-05-01,1
1991-05-06,2
1991-05-11,1
1991-05-31,5
1991-06-01,1
1991-06-05,1
1991-06-15,1
1991-06-30,9
1991-07-11,1
1991-07-25,1
1991-07-26,1
1991-07-31,13
1991-08-11,1
1991-08-19,3
1991-08-20,1
1991-08-24,1
1991-08-25,1
1991-08-31,7
1991-09-11,1
1991-09-15,2
1991-09-20,1
1991-09-30,1
1991-10-01,1
1991-10-31,8
1991-11-11,1
1991-11-27,1
1991-11-30,7
1991-12-01,1
1991-12-02,2
1991-12-11,1
1991-12-15,2
1991-12-26,1
1991-12-31,14
1992,249
1992-01-02,1
1992-01-15,2
1992-01-25,1
1992-01-26,3
1992-01-31,7
1992-02-01,2
1992-02-03,1
1992-02-08,1
1992-02-25,1
1992-02-26,1
1992-02-29,9
1992-03-01,1
1992-03-06,1
1992-03-26,1
1992-03-31,4
1992-04-02,1
1992-04-11,1
1992-04-26,2
1992-04-30,6
1992-05-01,2
1992-05-15,1
1992-05-22,1
1992-05-26,1
1992-05-31,6
1992-06-01,2
1992-06-15,4
1992-06-20,1
1992-06-22,1
1992-06-25,1
1992-06-26,1
1992-06-30,5
1992-07-02,1
1992-07-11,2
1992-07-15,1
1992-07-31,7
1992-08-02,1
1992-08-10,1
1992-08-11,1
1992-08-26,3
1992-08-31,6
1992-09-01,3
1992-09-02,1
1992-09-11,1
1992-09-15,2
1992-09-18,1
1992-09-20,1
1992-09-30,3
1992-10-01,1
1992-10-02,1
1992-10-25,1
1992-10-31,6
1992-11-01,1
1992-11-03,1
1992-11-11,1
1992-11-26,2
1992-11-30,10
1992-12-01,2
1992-12-02,2
1992-12-11,1
1992-12-15,1
1992-12-25,1
1992-12-26,1
1992-12-31,13
1993,265
1993-01-18,1
1993-01-26,1
1993-01-31,6
1993-02-01,2
1993-02-11,2
1993-02-14,1
1993-02-27,1
1993-02-28,3
1993-03-01,2
1993-03-02,1
1993-03-31,5
1993-04-01,2
1993-04-02,2
1993-04-25,1
1993-04-26,1
1993-05-01,4
1993-05-11,1
1993-05-21,1
1993-05-26,1
1993-05-30,1
1993-05-31,7
1993-06-01,1
1993-06-02,1
1993-06-04,1
1993-06-30,5
1993-07-01,1
1993-07-16,1
1993-07-31,6
1993-08-26,1
1993-08-27,2
1993-08-31,4
1993-09-01,1
1993-09-02,1
1993-09-26,1
1993-09-30,2
1993-10-31,5
1993-11-01,1
1993-11-15,1
1993-11-19,1
1993-11-26,1
1993-11-30,4
1993-12-15,1
1993-12-25,1
1993-12-26,2
1993-12-31,10
1994,208
1994-01-01,1
1994-01-26,1
1994-01-31,5
1994-02-01,3
1994-02-28,1
1994-03-01,1
1994-03-26,1
1994-03-31,3
1994-04-02,2
1994-04-30,3
1994-05-01,1
1994-05-16,1
1994-05-26,1
1994-05-31,5
1994-06-06,1
1994-06-25,1
1994-06-26,1
1994-06-30,1
1994-07-01,2
1994-07-02,1
1994-07-26,1
1994-08-01,2
1994-08-15,1
1994-08-31,4
1994-09-01,2
1994-09-02,1
1994-09-12,1
1994-09-14,1
1994-09-16,1
1994-09-25,1
1994-09-26,3
1994-09-30,5
1994-10-01,1
1994-10-02,1
1994-10-11,1
1994-10-26,3
1994-10-31,14
1994-11-01,2
1994-11-26,1
1994-11-30,3
1994-12-02,2
1994-12-26,2
1994-12-31,14
1995,286
1995-01-01,1
1995-01-10,4
1995-01-11,1
1995-01-13,1
1995-01-23,1
1995-01-31,3
1995-02-01,1
1995-02-15,1
1995-02-20,1
1995-02-28,2
1995-03-10,1
1995-03-26,2
1995-03-31,2
1995-04-01,5
1995-04-17,1
1995-04-30,5
1995-05-31,3
1995-06-01,3
1995-06-02,1
1995-06-20,1
1995-06-23,1
1995-06-30,3
1995-07-02,1
1995-07-24,1
1995-07-26,1
1995-07-31,2
1995-08-25,1
1995-08-26,1
1995-09-06,1
1995-09-30,7
1995-10-01,3
1995-10-02,2
1995-10-26,1
1995-10-31,2
1995-11-01,2
1995-11-02,2
1995-11-30,9
1995-12-01,3
1995-12-15,1
1995-12-20,1
1995-12-26,2
1995-12-29,1
1995-12-31,9
1996,245
1996-01-26,1
1996-01-31,5
1996-02-01,1
1996-02-29,2
1996-03-01,2
1996-03-02,1
1996-03-15,1
1996-03-25,2
1996-03-31,2
1996-04-01,4
1996-04-15,2
1996-04-26,1
1996-04-30,1
1996-05-01,1
1996-05-26,1
1996-06-01,2
1996-06-15,1
1996-06-26,3
1996-06-30,2
1996-07-02,1
1996-07-15,1
1996-07-17,1
1996-07-26,1
1996-07-31,4
1996-08-01,2
1996-08-10,1
1996-08-15,2
1996-08-31,6
1996-09-01,1
1996-09-20,1
1996-09-26,3
1996-09-30,1
1996-10-01,2
1996-10-15,1
1996-10-26,2
1996-10-31,1
1996-11-01,2
1996-11-15,1
1996-11-30,4
1996-12-01,6
1996-12-02,5
1996-12-15,2
1996-12-26,2
1996-12-31,12
1997,262
1997-01-03,1
1997-01-06,1
1997-01-20,1
1997-01-26,3
1997-01-27,1
1997-01-31,3
1997-02-04,1
1997-02-21,1
1997-02-26,4
1997-02-28,2
1997-03-01,1
1997-03-03,1
1997-03-15,1
1997-03-17,5
1997-03-26,2
1997-03-31,3
1997-04-01,2
1997-04-06,2
1997-04-11,1
1997-04-14,2
1997-04-15,2
1997-04-21,1
1997-04-30,9
1997-05-01,1
1997-05-31,5
1997-06-01,1
1997-06-02,1
1997-06-03,1
1997-06-16,1
1997-06-30,4
1997-07-01,3
1997-07-07,2
1997-07-18,1
1997-07-21,1
1997-07-26,1
1997-07-31,3
1997-08-04,1
1997-08-08,1
1997-08-25,1
1997-08-31,2
1997-09-01,1
1997-09-26,2
1997-10-01,1
1997-10-26,2
1997-11-01,1
1997-11-25,1
1997-11-30,5
1997-12-01,2
1997-12-08,2
1997-12-15,2
1997-12-18,6
1997-12-26,2
1997-12-31,6
1998,330
1998-01-01,2
1998-01-05,13
1998-01-20,1
1998-01-21,1
1998-01-23,1
1998-01-26,3
1998-01-30,1
1998-01-31,6
1998-02-01,1
1998-02-05,1
1998-02-06,1
1998-02-13,4
1998-02-16,1
1998-02-20,1
1998-02-28,2
1998-03-01,2
1998-03-11,1
1998-03-15,1
1998-03-30,2
1998-04-01,3
1998-04-10,1
1998-04-15,5
1998-04-20,1
1998-04-26,2
1998-04-30,3
1998-05-10,1
1998-05-14,1
1998-05-31,2
1998-06-05,1
1998-06-15,1
1998-06-18,1
1998-06-26,1
1998-06-30,5
1998-07-01,4
1998-07-05,1
1998-07-15,1
1998-07-26,1
1998-07-31,2
1998-08-01,5
1998-08-07,1
1998-08-08,1
1998-08-14,2
1998-08-26,1
1998-08-27,2
1998-08-31,3
1998-09-01,7
1998-09-15,1
1998-09-26,2
1998-09-30,6
1998-10-01,4
1998-10-05,1
1998-10-09,1
1998-10-10,1
1998-10-23,5
1998-10-27,1
1998-10-31,5
1998-11-01,3
1998-11-15,1
1998-11-26,2
1998-11-27,1
1998-11-30,5
1998-12-01,2
1998-12-02,1
1998-12-31,8
1999,342
1999-01-01,5
1999-01-14,1
1999-01-25,1
1999-01-27,1
1999-01-31,2
1999-02-01,3
1999-02-08,1
1999-02-10,1
1999-02-12,1
1999-02-16,1
1999-02-22,1
1999-02-26,2
1999-02-28,2
1999-03-01,3
1999-03-02,5
1999-03-03,1
1999-03-08,5
1999-03-11,4
1999-03-19,6
1999-03-23,3
1999-03-26,9
1999-03-29,2
1999-03-30,1
1999-03-31,3
1999-04-01,1
1999-04-08,1
1999-04-12,1
1999-04-15,1
1999-04-19,1
1999-04-22,1
1999-04-26,1
1999-04-28,5
1999-04-30,3
1999-05-01,1
1999-05-07,2
1999-05-25,1
1999-05-26,1
1999-05-31,3
1999-06-01,1
1999-06-02,1
1999-06-04,1
1999-06-07,1
1999-06-15,1
1999-06-16,1
1999-06-17,1
1999-06-25,1
1999-06-30,8
1999-07-01,2
1999-07-02,1
1999-07-09,1
1999-07-15,1
1999-07-16,1
1999-07-19,1
1999-07-26,1
1999-07-27,1
1999-07-29,1
1999-07-30,1
1999-07-31,2
1999-08-01,2
1999-08-02,2
1999-08-15,2
1999-08-31,6
1999-09-01,6
1999-09-10,1
1999-09-20,1
1999-09-23,1
1999-09-26,3
1999-09-30,1
1999-10-01,4
1999-10-12,1
1999-10-15,2
1999-10-22,1
1999-10-25,2
1999-10-26,5
1999-10-31,1
1999-11-01,2
1999-11-25,1
1999-11-30,4
1999-12-01,2
1999-12-02,1
1999-12-03,1
1999-12-05,1
1999-12-10,1
1999-12-15,2
1999-12-16,1
1999-12-26,3
1999-12-31,13
2000,373
2000-01-01,1
2000-01-14,1
2000-01-19,1
2000-01-27,1
2000-01-31,4
2000-02-01,3
2000-02-04,1
2000-02-14,1
2000-02-17,2
2000-02-23,1
2000-02-25,3
2000-02-29,4
2000-03-01,2
2000-03-06,1
2000-03-07,3
2000-03-08,1
2000-03-10,4
2000-03-15,3
2000-03-16,1
2000-03-28,1
2000-03-29,1
2000-03-30,3
2000-03-31,1
2000-04-01,1
2000-04-03,1
2000-04-04,1
2000-04-10,3
2000-04-17,1
2000-04-21,1
2000-04-26,1
2000-04-28,1
2000-04-30,5
2000-05-01,7
2000-05-11,1
2000-05-16,1
2000-05-19,1
2000-05-25,1
2000-05-31,1
2000-06-01,3
2000-06-06,1
2000-06-12,1
2000-06-13,2
2000-06-19,1
2000-06-20,1
2000-06-30,2
2000-07-01,1
2000-07-25,1
2000-07-26,1
2000-07-28,1
2000-07-31,4
2000-08-01,4
2000-08-14,1
2000-08-15,1
2000-08-22,1
2000-08-25,1
2000-08-26,1
2000-08-28,1
2000-08-30,1
2000-08-31,1
2000-09-01,7
2000-09-05,1
2000-09-12,4
2000-09-15,4
2000-09-18,1
2000-09-27,1
2000-09-28,1
2000-09-29,2
2000-09-30,4
2000-10-01,3
2000-10-11,1
2000-10-14,1
2000-10-15,1
2000-10-19,1
2000-10-20,1
2000-10-26,1
2000-10-31,3
2000-11-01,3
2000-11-09,1
2000-11-10,6
2000-11-15,1
2000-11-18,1
2000-11-23,2
2000-11-25,1
2000-11-28,2
2000-11-30,3
2000-12-01,4
2000-12-05,1
2000-12-08,1
2000-12-15,1
2000-12-26,1
2000-12-31,7
2001,431
2001-01-01,1
2001-01-15,1
2001-01-20,2
2001-01-26,2
2001-01-29,1
2001-01-31,1
2001-02-01,1
2001-02-08,1
2001-02-13,1
2001-02-16,1
2001-02-22,1
2001-02-24,1
2001-02-26,1
2001-02-28,2
2001-03-01,2
2001-03-02,1
2001-03-08,1
2001-03-14,2
2001-03-15,1
2001-03-16,1
2001-03-21,2
2001-03-26,1
2001-03-29,1
2001-03-30,1
2001-03-31,4
2001-04-01,2
2001-04-06,2
2001-04-12,1
2001-04-15,1
2001-04-23,1
2001-04-26,1
2001-04-27,2
2001-04-30,4
2001-05-01,4
2001-05-02,1
2001-05-10,2
2001-05-11,1
2001-05-22,1
2001-05-25,1
2001-05-26,1
2001-05-28,1
2001-05-31,3
2001-06-01,5
2001-06-07,9
2001-06-11,3
2001-06-20,2
2001-06-26,1
2001-06-30,2
2001-07-01,4
2001-07-02,1
2001-07-04,1
2001-07-11,1
2001-07-12,1
2001-07-16,1
2001-07-17,1
2001-07-20,1
2001-07-26,2
2001-07-27,2
2001-07-31,4
2001-08-01,6
2001-08-08,1
2001-08-20,1
2001-08-26,1
2001-08-31,2
2001-09-01,2
2001-09-13,1
2001-09-15,1
2001-09-25,1
2001-09-26,1
2001-09-30,3
2001-10-01,3
2001-10-08,1
2001-10-10,1
2001-10-22,1
2001-10-26,2
2001-10-30,7
2001-10-31,3
2001-11-01,3
2001-11-05,4
2001-11-06,1
2001-11-08,1
2001-11-12,3
2001-11-15,1
2001-11-16,1
2001-11-22,1
2001-11-26,1
2001-11-29,1
2001-11-30,3
2001-12-01,3
2001-12-04,1
2001-12-17,1
2001-12-20,5
2001-12-21,6
2001-12-24,6
2001-12-25,8
2001-12-28,1
2001-12-31,10
2002,363
2002-01-01,4
2002-01-03,3
2002-01-04,4
2002-01-05,4
2002-01-07,1
2002-01-10,1
2002-01-15,2
2002-01-17,1
2002-01-18,1
2002-01-23,1
2002-01-24,1
2002-01-30,1
2002-01-31,3
2002-02-01,1
2002-02-07,2
2002-02-11,13
2002-02-18,1
2002-02-22,1
2002-02-25,6
2002-02-26,2
2002-02-27,1
2002-02-28,2
2002-03-01,5
2002-03-04,1
2002-03-05,1
2002-03-12,1
2002-03-14,1
2002-03-20,1
2002-03-26,4
2002-03-30,1
2002-03-31,3
2002-04-01,3
2002-04-06,1
2002-04-08,2
2002-04-11,1
2002-04-12,1
2002-04-16,1
2002-04-22,3
2002-04-25,1
2002-04-26,2
2002-04-30,1
2002-05-01,4
2002-05-02,1
2002-05-03,3
2002-05-09,2
2002-05-13,1
2002-05-14,3
2002-05-15,2
2002-05-20,14
2002-05-24,1
2002-05-25,2
2002-05-29,1
2002-05-30,2
2002-05-31,6
2002-06-01,2
2002-06-16,1
2002-06-26,1
2002-06-27,1
2002-06-30,2
2002-07-01,2
2002-07-03,1
2002-07-04,1
2002-07-05,2
2002-07-13,1
2002-07-15,1
2002-07-16,2
2002-07-17,1
2002-07-26,2
2002-07-29,1
2002-07-31,3
2002-08-02,1
2002-08-12,1
2002-08-16,1
2002-08-19,2
2002-08-22,1
2002-08-26,1
2002-08-28,1
2002-08-29,2
2002-08-30,4
2002-08-31,1
2002-09-06,1
2002-09-07,1
2002-09-10,2
2002-09-15,1
2002-09-16,1
2002-09-18,1
2002-09-26,1
2002-10-03,1
2002-10-04,1
2002-10-09,2
2002-10-16,1
2002-10-19,1
2002-10-22,1
2002-10-25,1
2002-10-28,2
2002-10-29,1
2002-10-31,5
2002-11-01,1
2002-11-02,1
2002-11-04,1
2002-11-05,5
2002-11-07,2
2002-11-08,1
2002-11-11,23
2002-11-12,105
2002-11-13,218
2002-11-14,55
2002-11-15,2
2002-11-18,1
2002-11-21,1
2002-11-22,2
2002-11-25,6
2002-12-01,5
2002-12-03,1
2002-12-05,2
2002-12-09,15
2002-12-10,28
2002-12-11,8
2002-12-12,2
2002-12-13,1
2002-12-14,1
2002-12-16,8
2002-12-18,4
2002-12-19,3
2002-12-20,18
2002-12-21,1
2002-12-26,1
2002-12-31,11
2003,1437
2003-01-01,5
2003-01-02,1
2003-01-04,1
2003-01-06,1
2003-01-13,2
2003-01-15,1
2003-01-16,8
2003-01-17,2
2003-01-18,1
2003-01-22,3
2003-01-23,3
2003-01-26,2
2003-01-28,2
2003-01-30,1
2003-01-31,5
2003-02-01,2
2003-02-02,1
2003-02-03,1
2003-02-04,1
2003-02-05,2
2003-02-06,1
2003-02-12,1
2003-02-13,1
2003-02-15,3
2003-02-18,1
2003-02-19,2
2003-02-21,1
2003-02-27,1
2003-02-28,7
2003-03-01,2
2003-03-05,5
2003-03-06,3
2003-03-10,1
2003-03-14,3
2003-03-15,1
2003-03-17,3
2003-03-18,1
2003-03-19,5
2003-03-20,1
2003-03-21,9
2003-03-22,2
2003-03-24,2
2003-03-25,3
2003-03-26,2
2003-03-27,3
2003-03-28,1
2003-03-29,2
2003-03-30,2
2003-03-31,2
2003-04-01,1
2003-04-02,2
2003-04-03,1
2003-04-04,1
2003-04-07,1
2003-04-09,1
2003-04-10,1
2003-04-11,1
2003-04-12,2
2003-04-14,1
2003-04-15,8
2003-04-16,1
2003-04-17,3
2003-04-19,8
2003-04-24,5
2003-04-26,3
2003-04-28,1
2003-04-29,2
2003-04-30,9
2003-05-01,5
2003-05-03,7
2003-05-05,2
2003-05-06,2
2003-05-08,3
2003-05-09,2
2003-05-10,6
2003-05-12,2
2003-05-15,4
2003-05-16,2
2003-05-17,6
2003-05-20,1
2003-05-21,1
2003-05-22,4
2003-05-24,7
2003-05-26,1
2003-05-27,1
2003-05-29,2
2003-05-30,1
2003-05-31,7
2003-06-01,5
2003-06-02,3
2003-06-03,1
2003-06-04,1
2003-06-05,2
2003-06-06,1
2003-06-07,5
2003-06-09,3
2003-06-10,6
2003-06-13,2
2003-06-14,3
2003-06-15,4
2003-06-16,2
2003-06-18,3
2003-06-20,3
2003-06-21,2
2003-06-24,10
2003-06-25,2
2003-06-26,7
2003-06-27,3
2003-06-28,3
2003-06-30,10
2003-07-01,7
2003-07-03,1
2003-07-04,2
2003-07-05,5
2003-07-07,1
2003-07-10,2
2003-07-11,3
2003-07-12,4
2003-07-15,4
2003-07-17,4
2003-07-18,2
2003-07-19,1
2003-07-20,1
2003-07-21,1
2003-07-22,2
2003-07-23,1
2003-07-24,1
2003-07-25,8
2003-07-26,6
2003-07-28,1
2003-07-29,3
2003-07-31,13
2003-08-01,9
2003-08-02,5
2003-08-05,3
2003-08-06,2
2003-08-07,4
2003-08-08,1
2003-08-09,2
2003-08-11,1
2003-08-13,1
2003-08-14,2
2003-08-15,5
2003-08-16,5
2003-08-18,1
2003-08-20,1
2003-08-22,1
2003-08-23,2
2003-08-25,4
2003-08-26,4
2003-08-27,12
2003-08-29,3
2003-08-30,2
2003-08-31,9
2003-09-01,6
2003-09-03,1
2003-09-04,3
2003-09-05,1
2003-09-06,3
2003-09-07,1
2003-09-08,1
2003-09-09,2
2003-09-10,2
2003-09-11,4
2003-09-12,4
2003-09-13,1
2003-09-15,1
2003-09-16,2
2003-09-17,1
2003-09-19,1
2003-09-20,1
2003-09-21,1
2003-09-23,5
2003-09-25,5
2003-09-26,12
2003-09-27,2
2003-09-29,1
2003-09-30,21
2003-10-01,7
2003-10-02,4
2003-10-03,2
2003-10-04,3
2003-10-07,2
2003-10-09,2
2003-10-10,4
2003-10-11,9
2003-10-13,1
2003-10-14,1
2003-10-15,2
2003-10-16,1
2003-10-17,1
2003-10-18,2
2003-10-22,1
2003-10-23,5
2003-10-24,1
2003-10-25,1
2003-10-26,12
2003-10-27,2
2003-10-28,1
2003-10-30,4
2003-10-31,10
2003-11-01,4
2003-11-03,3
2003-11-04,1
2003-11-05,2
2003-11-06,3
2003-11-07,2
2003-11-10,2
2003-11-11,3
2003-11-13,4
2003-11-14,10
2003-11-15,3
2003-11-17,4
2003-11-18,2
2003-11-20,5
2003-11-21,7
2003-11-22,4
2003-11-26,9
2003-11-27,2
2003-11-28,2
2003-11-29,3
2003-11-30,15
2003-12-01,11
2003-12-02,4
2003-12-03,1
2003-12-05,1
2003-12-06,6
2003-12-10,1
2003-12-11,3
2003-12-12,2
2003-12-13,5
2003-12-15,7
2003-12-18,1
2003-12-19,5
2003-12-20,2
2003-12-22,5
2003-12-24,1
2003-12-26,12
2003-12-27,1
2003-12-29,2
2003-12-30,3
2003-12-31,39
2004,1963
2004-01-01,13
2004-01-02,2
2004-01-03,3
2004-01-04,2
2004-01-05,5
2004-01-06,4
2004-01-07,22
2004-01-08,3
2004-01-09,3
2004-01-10,3
2004-01-13,1
2004-01-14,1
2004-01-15,4
2004-01-16,2
2004-01-17,2
2004-01-19,3
2004-01-20,2
2004-01-22,1
2004-01-23,3
2004-01-24,1
2004-01-26,10
2004-01-27,1
2004-01-28,9
2004-01-29,6
2004-01-30,7
2004-01-31,27
2004-02-01,3
2004-02-03,5
2004-02-04,2
2004-02-06,13
2004-02-07,3
2004-02-09,7
2004-02-10,12
2004-02-11,8
2004-02-12,1
2004-02-14,1
2004-02-15,5
2004-02-17,1
2004-02-18,4
2004-02-19,20
2004-02-20,4
2004-02-21,4
2004-02-22,1
2004-02-23,5
2004-02-24,6
2004-02-25,2
2004-02-26,58
2004-02-27,3
2004-02-28,2
2004-02-29,10
2004-03-01,6
2004-03-02,2
2004-03-03,2
2004-03-05,1
2004-03-06,2
2004-03-08,1
2004-03-09,1
2004-03-10,4
2004-03-11,6
2004-03-12,2
2004-03-13,2
2004-03-15,10
2004-03-16,1
2004-03-17,2
2004-03-18,1
2004-03-19,1
2004-03-20,3
2004-03-21,3
2004-03-22,2
2004-03-23,2
2004-03-24,2
2004-03-25,2
2004-03-26,10
2004-03-27,1
2004-03-28,1
2004-03-29,1
2004-03-30,2
2004-03-31,16
2004-04-01,12
2004-04-02,11
2004-04-03,3
2004-04-04,3
2004-04-05,2
2004-04-06,1
2004-04-07,6
2004-04-08,3
2004-04-09,3
2004-04-10,1
2004-04-11,3
2004-04-12,4
2004-04-13,7
2004-04-15,21
2004-04-16,2
2004-04-17,1
2004-04-19,2
2004-04-20,1
2004-04-21,2
2004-04-22,3
2004-04-23,5
2004-04-24,4
2004-04-25,1
2004-04-26,11
2004-04-27,5
2004-04-28,5
2004-04-29,2
2004-04-30,33
2004-05-01,11
2004-05-03,1
2004-05-04,2
2004-05-06,2
2004-05-07,7
2004-05-08,3
2004-05-10,3
2004-05-12,6
2004-05-14,2
2004-05-15,6
2004-05-17,4
2004-05-18,1
2004-05-20,3
2004-05-22,1
2004-05-24,3
2004-05-25,4
2004-05-26,15
2004-05-27,4
2004-05-28,1
2004-05-29,8
2004-05-31,17
2004-06-01,8
2004-06-02,4
2004-06-04,4
2004-06-06,1
2004-06-07,2
2004-06-08,4
2004-06-09,4
2004-06-10,2
2004-06-11,3
2004-06-14,1
2004-06-15,6
2004-06-16,6
2004-06-17,34
2004-06-18,3
2004-06-19,2
2004-06-20,3
2004-06-21,2
2004-06-22,3
2004-06-23,4
2004-06-25,1
2004-06-26,15
2004-06-28,2
2004-06-29,3
2004-06-30,43
2004-07-01,11
2004-07-02,4
2004-07-03,2
2004-07-08,7
2004-07-09,4
2004-07-11,2
2004-07-13,2
2004-07-14,3
2004-07-15,3
2004-07-16,3
2004-07-17,1
2004-07-19,3
2004-07-20,2
2004-07-21,1
2004-07-22,3
2004-07-23,5
2004-07-24,1
2004-07-26,17
2004-07-27,4
2004-07-29,9
2004-07-30,4
2004-07-31,22
2004-08-01,9
2004-08-02,1
2004-08-04,2
2004-08-05,2
2004-08-06,2
2004-08-07,1
2004-08-09,1
2004-08-10,1
2004-08-11,1
2004-08-12,1
2004-08-13,3
2004-08-14,2
2004-08-15,6
2004-08-16,2
2004-08-17,1
2004-08-18,2
2004-08-19,5
2004-08-20,2
2004-08-21,1
2004-08-23,2
2004-08-24,1
2004-08-25,2
2004-08-26,26
2004-08-27,4
2004-08-30,2
2004-08-31,22
2004-09-01,11
2004-09-02,2
2004-09-03,2
2004-09-04,1
2004-09-06,1
2004-09-07,7
2004-09-08,1
2004-09-09,4
2004-09-10,4
2004-09-13,2
2004-09-14,10
2004-09-15,8
2004-09-17,1
2004-09-20,1
2004-09-21,4
2004-09-22,1
2004-09-23,2
2004-09-24,3
2004-09-25,4
2004-09-26,8
2004-09-27,4
2004-09-28,1
2004-09-29,3
2004-09-30,29
2004-10-01,6
2004-10-02,1
2004-10-04,1
2004-10-05,5
2004-10-06,2
2004-10-07,5
2004-10-08,14
2004-10-11,3
2004-10-12,5
2004-10-13,6
2004-10-14,3
2004-10-15,5
2004-10-18,4
2004-10-19,3
2004-10-20,4
2004-10-21,1
2004-10-22,3
2004-10-25,4
2004-10-26,13
2004-10-27,1
2004-10-28,1
2004-10-29,7
2004-10-30,3
2004-10-31,33
2004-11-01,9
2004-11-02,2
2004-11-03,4
2004-11-04,2
2004-11-05,7
2004-11-08,2
2004-11-10,6
2004-11-11,3
2004-11-12,6
2004-11-13,2
2004-11-14,1
2004-11-15,7
2004-11-16,1
2004-11-17,5
2004-11-18,1
2004-11-19,7
2004-11-20,1
2004-11-23,5
2004-11-24,14
2004-11-25,2
2004-11-26,20
2004-11-28,10
2004-11-30,35
2004-12-01,9
2004-12-02,1
2004-12-03,3
2004-12-05,5
2004-12-06,3
2004-12-07,8
2004-12-08,8
2004-12-09,5
2004-12-10,4
2004-12-13,2
2004-12-14,8
2004-12-15,10
2004-12-16,1
2004-12-17,4
2004-12-18,1
2004-12-19,1
2004-12-20,3
2004-12-22,3
2004-12-23,4
2004-12-24,1
2004-12-26,7
2004-12-27,3
2004-12-28,4
2004-12-29,1
2004-12-30,2
2004-12-31,67
2005,2062
2005-01-01,19
2005-01-03,1
2005-01-04,3
2005-01-05,4
2005-01-06,1
2005-01-07,2
2005-01-08,1
2005-01-10,1
2005-01-11,4
2005-01-12,5
2005-01-13,9
2005-01-14,3
2005-01-15,2
2005-01-17,1
2005-01-18,2
2005-01-19,3
2005-01-20,5
2005-01-21,5
2005-01-22,2
2005-01-23,1
2005-01-24,1
2005-01-25,2
2005-01-26,15
2005-01-27,2
2005-01-28,1
2005-01-29,1
2005-01-30,1
2005-01-31,30
2005-02-01,11
2005-02-02,1
2005-02-03,7
2005-02-04,9
2005-02-05,8
2005-02-06,2
2005-02-08,6
2005-02-10,3
2005-02-11,1
2005-02-15,11
2005-02-17,1
2005-02-18,2
2005-02-20,1
2005-02-21,2
2005-02-22,5
2005-02-23,7
2005-02-24,2
2005-02-25,2
2005-02-26,7
2005-02-28,24
2005-03-01,33
2005-03-02,8
2005-03-03,2
2005-03-04,9
2005-03-05,1
2005-03-07,8
2005-03-08,1
2005-03-09,4
2005-03-10,6
2005-03-11,5
2005-03-14,2
2005-03-15,3
2005-03-16,1
2005-03-17,1
2005-03-18,6
2005-03-20,1
2005-03-21,3
2005-03-22,3
2005-03-23,2
2005-03-24,6
2005-03-25,4
2005-03-26,7
2005-03-28,1
2005-03-29,4
2005-03-30,12
2005-03-31,27
2005-04-01,10
2005-04-04,3
2005-04-05,2
2005-04-06,3
2005-04-07,3
2005-04-08,8
2005-04-09,2
2005-04-10,3
2005-04-11,3
2005-04-12,1
2005-04-13,4
2005-04-14,8
2005-04-15,12
2005-04-17,1
2005-04-18,1
2005-04-19,3
2005-04-20,3
2005-04-21,10
2005-04-22,5
2005-04-23,1
2005-04-24,1
2005-04-25,10
2005-04-26,15
2005-04-27,1
2005-04-28,2
2005-04-29,4
2005-04-30,17
2005-05-01,7
2005-05-02,3
2005-05-03,2
2005-05-04,2
2005-05-05,2
2005-05-09,2
2005-05-10,9
2005-05-11,3
2005-05-12,1
2005-05-13,4
2005-05-15,7
2005-05-16,3
2005-05-17,2
2005-05-18,2
2005-05-19,6
2005-05-21,1
2005-05-23,2
2005-05-25,7
2005-05-26,8
2005-05-28,3
2005-05-31,29
2005-06-01,7
2005-06-02,6
2005-06-03,4
2005-06-06,4
2005-06-07,1
2005-06-08,5
2005-06-09,5
2005-06-10,6
2005-06-12,1
2005-06-13,2
2005-06-14,1
2005-06-15,9
2005-06-16,6
2005-06-17,7
2005-06-18,1
2005-06-20,5
2005-06-21,2
2005-06-22,3
2005-06-23,3
2005-06-24,2
2005-06-25,1
2005-06-26,3
2005-06-27,1
2005-06-28,4
2005-06-29,5
2005-06-30,38
2005-07-01,7
2005-07-04,1
2005-07-05,3
2005-07-06,2
2005-07-07,2
2005-07-08,3
2005-07-09,1
2005-07-10,1
2005-07-11,4
2005-07-12,3
2005-07-13,3
2005-07-14,4
2005-07-15,11
2005-07-16,1
2005-07-19,5
2005-07-20,4
2005-07-22,2
2005-07-25,3
2005-07-26,15
2005-07-27,4
2005-07-28,1
2005-07-29,4
2005-07-30,1
2005-07-31,24
2005-08-01,9
2005-08-03,4
2005-08-04,2
2005-08-05,2
2005-08-08,6
2005-08-09,1
2005-08-10,3
2005-08-11,6
2005-08-12,3
2005-08-13,1
2005-08-15,10
2005-08-17,2
2005-08-18,3
2005-08-19,4
2005-08-21,1
2005-08-22,3
2005-08-23,4
2005-08-24,7
2005-08-25,1
2005-08-26,5
2005-08-30,1
2005-08-31,17
2005-09-01,13
2005-09-02,2
2005-09-03,1
2005-09-05,3
2005-09-06,2
2005-09-09,1
2005-09-10,3
2005-09-12,3
2005-09-14,3
2005-09-15,10
2005-09-16,1
2005-09-17,1
2005-09-19,3
2005-09-20,3
2005-09-21,7
2005-09-22,4
2005-09-23,3
2005-09-24,1
2005-09-25,2
2005-09-26,10
2005-09-28,2
2005-09-29,1
2005-09-30,32
2005-10-01,6
2005-10-03,1
2005-10-04,2
2005-10-05,4
2005-10-06,2
2005-10-07,2
2005-10-10,3
2005-10-11,1
2005-10-12,2
2005-10-13,2
2005-10-14,5
2005-10-15,6
2005-10-16,1
2005-10-17,2
2005-10-18,8
2005-10-19,3
2005-10-20,3
2005-10-21,2
2005-10-24,1
2005-10-25,5
2005-10-26,8
2005-10-27,2
2005-10-31,24
2005-11-01,6
2005-11-02,8
2005-11-03,2
2005-11-04,4
2005-11-05,3
2005-11-07,2
2005-11-08,4
2005-11-09,1
2005-11-10,6
2005-11-11,4
2005-11-12,19
2005-11-15,7
2005-11-16,2
2005-11-17,7
2005-11-18,10
2005-11-19,2
2005-11-21,3
2005-11-22,8
2005-11-23,5
2005-11-24,2
2005-11-25,1
2005-11-26,8
2005-11-28,3
2005-11-30,20
2005-12-01,8
2005-12-02,3
2005-12-03,1
2005-12-05,4
2005-12-06,13
2005-12-07,20
2005-12-08,1
2005-12-09,12
2005-12-11,5
2005-12-12,8
2005-12-15,4
2005-12-16,4
2005-12-17,2
2005-12-19,3
2005-12-20,8
2005-12-21,2
2005-12-22,1
2005-12-23,2
2005-12-24,1
2005-12-26,15
2005-12-28,1
2005-12-29,3
2005-12-30,1
2005-12-31,86
2006,2190
2006-01-01,12
2006-01-02,1
2006-01-03,3
2006-01-05,6
2006-01-06,5
2006-01-09,1
2006-01-10,5
2006-01-11,8
2006-01-12,1
2006-01-13,6
2006-01-15,5
2006-01-17,13
2006-01-18,3
2006-01-19,1
2006-01-20,3
2006-01-21,1
2006-01-22,1
2006-01-24,3
2006-01-25,5
2006-01-26,15
2006-01-27,5
2006-01-30,4
2006-01-31,37
2006-02-01,8
2006-02-02,2
2006-02-03,2
2006-02-06,3
2006-02-07,2
2006-02-08,4
2006-02-09,1
2006-02-10,9
2006-02-11,1
2006-02-12,1
2006-02-13,3
2006-02-14,1
2006-02-15,7
2006-02-16,3
2006-02-18,1
2006-02-19,1
2006-02-20,6
2006-02-21,3
2006-02-22,3
2006-02-23,1
2006-02-24,7
2006-02-25,2
2006-02-26,2
2006-02-27,1
2006-02-28,32
2006-03-01,17
2006-03-02,5
2006-03-03,6
2006-03-06,1
2006-03-07,3
2006-03-08,9
2006-03-09,6
2006-03-10,9
2006-03-13,2
2006-03-14,2
2006-03-15,8
2006-03-16,3
2006-03-18,1
2006-03-20,3
2006-03-21,4
2006-03-22,5
2006-03-23,4
2006-03-25,3
2006-03-26,1
2006-03-27,6
2006-03-28,4
2006-03-29,5
2006-03-30,5
2006-03-31,31
2006-04-01,7
2006-04-02,1
2006-04-03,3
2006-04-04,6
2006-04-05,4
2006-04-06,1
2006-04-07,4
2006-04-08,4
2006-04-10,4
2006-04-11,2
2006-04-12,2
2006-04-14,1
2006-04-15,3
2006-04-18,6
2006-04-19,4
2006-04-20,3
2006-04-21,1
2006-04-24,1
2006-04-25,2
2006-04-26,5
2006-04-27,17
2006-04-28,13
2006-04-30,22
2006-05-01,6
2006-05-02,6
2006-05-03,1
2006-05-04,4
2006-05-05,5
2006-05-06,1
2006-05-08,1
2006-05-09,1
2006-05-10,5
2006-05-11,2
2006-05-12,1
2006-05-13,1
2006-05-15,4
2006-05-16,2
2006-05-17,1
2006-05-18,7
2006-05-19,2
2006-05-22,5
2006-05-23,7
2006-05-24,7
2006-05-25,3
2006-05-26,13
2006-05-27,1
2006-05-29,6
2006-05-30,1
2006-05-31,27
2006-06-01,8
2006-06-02,2
2006-06-03,5
2006-06-05,3
2006-06-06,9
2006-06-07,4
2006-06-08,3
2006-06-09,1
2006-06-10,8
2006-06-12,3
2006-06-13,5
2006-06-14,3
2006-06-15,5
2006-06-16,3
2006-06-19,2
2006-06-20,7
2006-06-21,1
2006-06-23,2
2006-06-24,1
2006-06-25,2
2006-06-26,11
2006-06-27,6
2006-06-28,5
2006-06-29,10
2006-06-30,28
2006-07-01,10
2006-07-04,4
2006-07-05,3
2006-07-06,1
2006-07-07,4
2006-07-08,1
2006-07-10,3
2006-07-11,3
2006-07-12,3
2006-07-13,1
2006-07-14,5
2006-07-15,4
2006-07-16,2
2006-07-17,6
2006-07-18,5
2006-07-19,2
2006-07-20,3
2006-07-21,2
2006-07-22,1
2006-07-24,3
2006-07-25,2
2006-07-26,5
2006-07-27,1
2006-07-28,11
2006-07-29,1
2006-07-30,1
2006-07-31,15
2006-08-01,12
2006-08-02,3
2006-08-04,2
2006-08-05,3
2006-08-07,3
2006-08-08,4
2006-08-09,3
2006-08-10,1
2006-08-11,3
2006-08-14,4
2006-08-15,7
2006-08-16,4
2006-08-17,5
2006-08-18,4
2006-08-21,1
2006-08-23,14
2006-08-24,7
2006-08-25,4
2006-08-26,4
2006-08-28,3
2006-08-30,3
2006-08-31,36
2006-09-01,18
2006-09-04,2
2006-09-05,1
2006-09-06,1
2006-09-07,3
2006-09-08,4
2006-09-09,2
2006-09-10,38
2006-09-11,5
2006-09-12,4
2006-09-13,1
2006-09-14,3
2006-09-15,8
2006-09-16,6
2006-09-17,7
2006-09-18,4
2006-09-19,6
2006-09-20,2
2006-09-21,1
2006-09-22,13
2006-09-24,2
2006-09-25,4
2006-09-26,9
2006-09-27,4
2006-09-28,1
2006-09-29,6
2006-09-30,29
2006-10-01,7
2006-10-02,3
2006-10-03,1
2006-10-04,6
2006-10-05,6
2006-10-06,4
2006-10-09,3
2006-10-10,8
2006-10-11,2
2006-10-12,4
2006-10-13,2
2006-10-14,1
2006-10-15,3
2006-10-16,5
2006-10-17,1
2006-10-18,2
2006-10-19,2
2006-10-20,2
2006-10-23,2
2006-10-24,3
2006-10-25,5
2006-10-26,6
2006-10-27,12
2006-10-30,4
2006-10-31,27
2006-11-01,7
2006-11-02,1
2006-11-03,6
2006-11-06,7
2006-11-07,10
2006-11-08,2
2006-11-09,3
2006-11-10,4
2006-11-11,1
2006-11-12,1
2006-11-13,3
2006-11-14,2
2006-11-15,6
2006-11-16,5
2006-11-17,9
2006-11-18,3
2006-11-20,3
2006-11-21,4
2006-11-22,1
2006-11-23,1
2006-11-24,2
2006-11-25,2
2006-11-26,7
2006-11-27,1
2006-11-28,3
2006-11-29,1
2006-11-30,28
2006-12-01,11
2006-12-04,1
2006-12-05,4
2006-12-06,2
2006-12-07,7
2006-12-08,2
2006-12-11,2
2006-12-12,2
2006-12-13,2
2006-12-14,4
2006-12-15,8
2006-12-16,11
2006-12-17,12
2006-12-18,4
2006-12-19,2
2006-12-20,6
2006-12-21,1
2006-12-22,6
2006-12-23,1
2006-12-24,3
2006-12-26,7
2006-12-27,1
2006-12-28,4
2006-12-29,6
2006-12-30,1
2006-12-31,112
2007,1967
2007-01-01,6
2007-01-02,6
2007-01-03,4
2007-01-04,4
2007-01-05,1
2007-01-08,4
2007-01-09,5
2007-01-10,3
2007-01-11,1
2007-01-12,3
2007-01-13,3
2007-01-15,7
2007-01-16,1
2007-01-17,3
2007-01-18,1
2007-01-19,6
2007-01-20,3
2007-01-21,2
2007-01-22,1
2007-01-23,3
2007-01-24,6
2007-01-25,4
2007-01-26,14
2007-01-29,1
2007-01-30,4
2007-01-31,26
2007-02-01,13
2007-02-02,3
2007-02-04,1
2007-02-05,3
2007-02-06,2
2007-02-07,5
2007-02-08,4
2007-02-09,2
2007-02-12,1
2007-02-13,4
2007-02-14,1
2007-02-15,5
2007-02-16,5
2007-02-19,2
2007-02-20,1
2007-02-21,2
2007-02-22,8
2007-02-23,5
2007-02-25,1
2007-02-26,7
2007-02-27,3
2007-02-28,35
2007-03-01,11
2007-03-02,5
2007-03-05,3
2007-03-06,7
2007-03-07,2
2007-03-09,3
2007-03-10,3
2007-03-12,5
2007-03-13,4
2007-03-14,3
2007-03-15,12
2007-03-16,6
2007-03-17,2
2007-03-19,2
2007-03-20,1
2007-03-21,5
2007-03-22,4
2007-03-23,1
2007-03-24,1
2007-03-25,1
2007-03-26,14
2007-03-27,5
2007-03-28,2
2007-03-29,1
2007-03-30,8
2007-03-31,22
2007-04-01,10
2007-04-02,3
2007-04-03,2
2007-04-04,3
2007-04-05,3
2007-04-06,2
2007-04-10,3
2007-04-11,3
2007-04-12,2
2007-04-13,2
2007-04-14,32
2007-04-15,9
2007-04-16,3
2007-04-17,5
2007-04-18,3
2007-04-19,3
2007-04-20,3
2007-04-21,2
2007-04-23,7
2007-04-24,3
2007-04-25,3
2007-04-26,8
2007-04-27,2
2007-04-28,2
2007-04-29,2
2007-04-30,33
2007-05-01,8
2007-05-02,5
2007-05-03,4
2007-05-04,3
2007-05-05,1
2007-05-07,4
2007-05-08,4
2007-05-09,35
2007-05-10,4
2007-05-11,2
2007-05-15,6
2007-05-17,1
2007-05-18,5
2007-05-21,1
2007-05-22,7
2007-05-23,2
2007-05-24,2
2007-05-25,5
2007-05-26,4
2007-05-28,3
2007-05-29,10
2007-05-30,4
2007-05-31,28
2007-06-01,14
2007-06-03,1
2007-06-04,3
2007-06-05,4
2007-06-06,3
2007-06-07,2
2007-06-08,1
2007-06-09,1
2007-06-11,4
2007-06-13,3
2007-06-14,2
2007-06-15,5
2007-06-16,2
2007-06-18,2
2007-06-19,1
2007-06-20,8
2007-06-21,3
2007-06-24,1
2007-06-26,8
2007-06-27,3
2007-06-28,3
2007-06-30,25
2007-07-01,9
2007-07-02,1
2007-07-03,2
2007-07-04,3
2007-07-05,3
2007-07-06,1
2007-07-09,1
2007-07-10,1
2007-07-11,5
2007-07-12,1
2007-07-13,3
2007-07-14,1
2007-07-15,4
2007-07-16,3
2007-07-17,3
2007-07-18,1
2007-07-19,4
2007-07-20,9
2007-07-23,3
2007-07-24,2
2007-07-25,5
2007-07-26,12
2007-07-27,2
2007-07-28,4
2007-07-30,1
2007-07-31,21
2007-08-01,14
2007-08-02,2
2007-08-06,6
2007-08-07,4
2007-08-08,1
2007-08-09,1
2007-08-10,6
2007-08-13,2
2007-08-14,3
2007-08-15,8
2007-08-16,1
2007-08-17,4
2007-08-18,1
2007-08-20,4
2007-08-21,5
2007-08-22,1
2007-08-23,4
2007-08-24,5
2007-08-25,2
2007-08-26,4
2007-08-27,1
2007-08-28,3
2007-08-29,2
2007-08-31,19
2007-09-01,14
2007-09-02,73
2007-09-03,1
2007-09-04,3
2007-09-05,3
2007-09-07,5
2007-09-08,1
2007-09-10,1
2007-09-11,4
2007-09-12,2
2007-09-14,5
2007-09-15,7
2007-09-17,1
2007-09-18,4
2007-09-19,7
2007-09-20,4
2007-09-21,5
2007-09-22,5
2007-09-23,2
2007-09-24,1
2007-09-26,11
2007-09-27,4
2007-09-28,16
2007-09-29,2
2007-09-30,31
2007-10-01,15
2007-10-02,2
2007-10-03,3
2007-10-04,4
2007-10-05,3
2007-10-06,2
2007-10-09,4
2007-10-10,3
2007-10-11,1
2007-10-12,3
2007-10-13,1
2007-10-14,1
2007-10-15,3
2007-10-17,1
2007-10-18,3
2007-10-19,2
2007-10-20,1
2007-10-22,4
2007-10-24,2
2007-10-25,5
2007-10-26,11
2007-10-27,1
2007-10-29,4
2007-10-30,4
2007-10-31,30
2007-11-01,7
2007-11-02,3
2007-11-03,1
2007-11-04,4
2007-11-05,3
2007-11-06,2
2007-11-07,8
2007-11-08,2
2007-11-09,3
2007-11-10,1
2007-11-12,7
2007-11-13,3
2007-11-14,1
2007-11-15,10
2007-11-16,3
2007-11-19,21
2007-11-20,2
2007-11-21,5
2007-11-22,3
2007-11-24,2
2007-11-25,4
2007-11-26,14
2007-11-27,1
2007-11-28,26
2007-11-29,6
2007-11-30,20
2007-12-01,12
2007-12-03,3
2007-12-04,3
2007-12-05,4
2007-12-06,1
2007-12-07,7
2007-12-10,2
2007-12-11,3
2007-12-12,1
2007-12-13,2
2007-12-14,1
2007-12-15,6
2007-12-16,1
2007-12-17,2
2007-12-18,7
2007-12-19,2
2007-12-20,7
2007-12-21,8
2007-12-22,1
2007-12-23,1
2007-12-26,8
2007-12-27,1
2007-12-28,2
2007-12-31,91
2008,1490
2008-01-01,20
2008-01-02,2
2008-01-03,20
2008-01-04,1
2008-01-05,1
2008-01-07,5
2008-01-08,3
2008-01-09,3
2008-01-10,8
2008-01-11,2
2008-01-13,4
2008-01-14,2
2008-01-15,7
2008-01-17,1
2008-01-18,3
2008-01-20,2
2008-01-21,12
2008-01-22,1
2008-01-23,3
2008-01-24,6
2008-01-25,4
2008-01-26,7
2008-01-28,4
2008-01-29,4
2008-01-30,8
2008-01-31,14
2008-02-01,10
2008-02-04,2
2008-02-05,20
2008-02-06,5
2008-02-07,5
2008-02-08,3
2008-02-09,1
2008-02-11,2
2008-02-12,3
2008-02-13,10
2008-02-14,5
2008-02-15,10
2008-02-16,1
2008-02-18,3
2008-02-19,2
2008-02-20,5
2008-02-21,5
2008-02-22,5
2008-02-23,5
2008-02-26,7
2008-02-27,1
2008-02-28,11
2008-02-29,32
2008-03-01,22
2008-03-02,4
2008-03-03,2
2008-03-04,6
2008-03-05,7
2008-03-06,3
2008-03-07,3
2008-03-08,1
2008-03-09,1
2008-03-10,65
2008-03-11,4
2008-03-12,15
2008-03-13,2
2008-03-14,3
2008-03-15,6
2008-03-16,2
2008-03-17,6
2008-03-18,3
2008-03-19,3
2008-03-20,5
2008-03-21,4
2008-03-22,1
2008-03-24,3
2008-03-25,8
2008-03-26,13
2008-03-27,5
2008-03-28,5
2008-03-29,3
2008-03-30,2
2008-03-31,26
2008-04-01,20
2008-04-02,3
2008-04-03,3
2008-04-04,3
2008-04-07,1
2008-04-08,1
2008-04-09,9
2008-04-10,40
2008-04-11,13
2008-04-14,2
2008-04-15,11
2008-04-16,6
2008-04-17,3
2008-04-18,8
2008-04-19,4
2008-04-20,1
2008-04-21,1
2008-04-22,3
2008-04-23,6
2008-04-25,8
2008-04-26,10
2008-04-28,3
2008-04-29,8
2008-04-30,37
2008-05-01,15
2008-05-02,5
2008-05-05,2
2008-05-06,4
2008-05-07,7
2008-05-08,3
2008-05-09,1
2008-05-10,2
2008-05-12,14
2008-05-13,3
2008-05-14,5
2008-05-15,4
2008-05-16,2
2008-05-17,2
2008-05-19,2
2008-05-20,6
2008-05-21,3
2008-05-22,5
2008-05-23,2
2008-05-24,4
2008-05-25,3
2008-05-26,5
2008-05-27,8
2008-05-28,3
2008-05-29,9
2008-05-30,9
2008-05-31,36
2008-06-01,7
2008-06-02,4
2008-06-03,4
2008-06-04,1
2008-06-05,4
2008-06-06,4
2008-06-07,1
2008-06-09,3
2008-06-10,3
2008-06-11,3
2008-06-12,5
2008-06-13,3
2008-06-15,2
2008-06-17,3
2008-06-18,7
2008-06-19,5
2008-06-20,2
2008-06-21,1
2008-06-22,4
2008-06-23,3
2008-06-24,5
2008-06-25,2
2008-06-26,6
2008-06-27,3
2008-06-28,139
2008-06-30,23
2008-07-01,16
2008-07-02,6
2008-07-04,3
2008-07-05,5
2008-07-07,6
2008-07-08,2
2008-07-09,7
2008-07-10,6
2008-07-11,1
2008-07-12,1
2008-07-13,1
2008-07-14,3
2008-07-15,7
2008-07-16,6
2008-07-17,3
2008-07-18,2
2008-07-20,1
2008-07-21,3
2008-07-22,3
2008-07-23,7
2008-07-24,6
2008-07-25,2
2008-07-26,4
2008-07-28,2
2008-07-29,5
2008-07-30,5
2008-07-31,36
2008-08-01,11
2008-08-03,2
2008-08-04,8
2008-08-05,1
2008-08-06,6
2008-08-07,1
2008-08-08,4
2008-08-09,1
2008-08-10,1
2008-08-11,2
2008-08-12,5
2008-08-13,3
2008-08-15,7
2008-08-17,1
2008-08-18,2
2008-08-19,3
2008-08-20,3
2008-08-21,1
2008-08-22,3
2008-08-23,2
2008-08-24,1
2008-08-25,3
2008-08-26,2
2008-08-27,2
2008-08-28,2
2008-08-29,3
2008-08-30,1
2008-08-31,20
2008-09-01,14
2008-09-02,5
2008-09-03,4
2008-09-04,2
2008-09-05,5
2008-09-07,1
2008-09-08,1
2008-09-09,1
2008-09-10,8
2008-09-11,1
2008-09-12,3
2008-09-14,1
2008-09-15,13
2008-09-16,6
2008-09-17,2
2008-09-18,5
2008-09-19,4
2008-09-20,4
2008-09-21,2
2008-09-22,3
2008-09-23,6
2008-09-24,1
2008-09-25,4
2008-09-26,13
2008-09-27,2
2008-09-29,2
2008-09-30,30
2008-10-01,13
2008-10-02,1
2008-10-03,3
2008-10-04,1
2008-10-06,5
2008-10-07,5
2008-10-08,4
2008-10-09,9
2008-10-10,5
2008-10-13,2
2008-10-14,3
2008-10-15,4
2008-10-16,6
2008-10-17,4
2008-10-20,6
2008-10-21,4
2008-10-22,5
2008-10-23,4
2008-10-24,1
2008-10-25,6
2008-10-26,6
2008-10-27,3
2008-10-28,3
2008-10-29,7
2008-10-30,6
2008-10-31,33
2008-11-01,21
2008-11-04,1
2008-11-06,3
2008-11-07,9
2008-11-09,1
2008-11-10,13
2008-11-11,3
2008-11-12,3
2008-11-13,5
2008-11-14,3
2008-11-15,10
2008-11-16,3
2008-11-17,4
2008-11-18,5
2008-11-19,1
2008-11-20,4
2008-11-21,7
2008-11-22,1
2008-11-23,1
2008-11-24,2
2008-11-25,2
2008-11-26,9
2008-11-27,4
2008-11-28,11
2008-11-29,2
2008-11-30,33
2008-12-01,19
2008-12-02,3
2008-12-03,4
2008-12-04,2
2008-12-05,4
2008-12-06,2
2008-12-08,1
2008-12-09,3
2008-12-10,9
2008-12-11,4
2008-12-12,12
2008-12-14,1
2008-12-15,4
2008-12-16,6
2008-12-17,3
2008-12-18,7
2008-12-19,4
2008-12-20,7
2008-12-22,1
2008-12-23,4
2008-12-24,27
2008-12-26,6
2008-12-27,1
2008-12-30,6
2008-12-31,132
2009,1509
2009-01-01,15
2009-01-02,4
2009-01-03,1
2009-01-04,1
2009-01-05,4
2009-01-06,21
2009-01-07,16
2009-01-08,4
2009-01-09,4
2009-01-12,4
2009-01-13,6
2009-01-14,3
2009-01-15,3
2009-01-16,4
2009-01-19,5
2009-01-20,5
2009-01-21,6
2009-01-22,5
2009-01-23,1
2009-01-24,1
2009-01-26,11
2009-01-28,1
2009-01-29,8
2009-01-30,10
2009-01-31,25
2009-02-01,10
2009-02-02,8
2009-02-03,3
2009-02-04,4
2009-02-05,10
2009-02-06,2
2009-02-07,2
2009-02-08,1
2009-02-09,2
2009-02-10,8
2009-02-11,5
2009-02-12,9
2009-02-13,3
2009-02-14,1
2009-02-15,5
2009-02-16,4
2009-02-17,2
2009-02-18,1
2009-02-19,3
2009-02-20,2
2009-02-21,3
2009-02-22,3
2009-02-23,4
2009-02-24,8
2009-02-25,3
2009-02-26,6
2009-02-27,5
2009-02-28,27
2009-03-01,14
2009-03-02,1
2009-03-03,7
2009-03-04,1
2009-03-05,4
2009-03-06,3
2009-03-07,1
2009-03-09,3
2009-03-10,3
2009-03-11,19
2009-03-12,3
2009-03-13,6
2009-03-14,3
2009-03-15,7
2009-03-16,6
2009-03-17,4
2009-03-18,2
2009-03-19,5
2009-03-20,4
2009-03-21,2
2009-03-22,1
2009-03-23,1
2009-03-24,2
2009-03-25,4
2009-03-26,11
2009-03-27,5
2009-03-30,4
2009-03-31,37
2009-04-01,11
2009-04-02,4
2009-04-03,4
2009-04-05,1
2009-04-06,1
2009-04-07,4
2009-04-08,2
2009-04-09,5
2009-04-10,1
2009-04-12,1
2009-04-13,1
2009-04-14,8
2009-04-15,2
2009-04-16,5
2009-04-17,5
2009-04-18,7
2009-04-19,1
2009-04-20,3
2009-04-21,6
2009-04-22,2
2009-04-23,2
2009-04-24,6
2009-04-25,2
2009-04-26,7
2009-04-27,6
2009-04-28,7
2009-04-29,4
2009-04-30,27
2009-05-01,15
2009-05-02,2
2009-05-03,2
2009-05-04,8
2009-05-05,5
2009-05-06,5
2009-05-07,4
2009-05-08,3
2009-05-10,2
2009-05-11,4
2009-05-12,7
2009-05-13,6
2009-05-14,6
2009-05-15,242
2009-05-16,2
2009-05-18,21
2009-05-19,15
2009-05-20,5
2009-05-21,10
2009-05-22,14
2009-05-25,2
2009-05-26,13
2009-05-27,13
2009-05-28,13
2009-05-29,4
2009-05-30,1
2009-05-31,32
2009-06-01,14
2009-06-02,4
2009-06-03,1
2009-06-04,3
2009-06-05,21
2009-06-07,2
2009-06-08,8
2009-06-09,4
2009-06-10,7
2009-06-11,6
2009-06-12,3
2009-06-13,1
2009-06-15,8
2009-06-16,8
2009-06-17,1
2009-06-18,6
2009-06-19,3
2009-06-20,1
2009-06-22,3
2009-06-23,7
2009-06-24,3
2009-06-25,13
2009-06-26,4
2009-06-27,1
2009-06-29,1
2009-06-30,35
2009-07-01,23
2009-07-02,32
2009-07-03,4
2009-07-04,2
2009-07-05,2
2009-07-07,4
2009-07-08,2
2009-07-09,6
2009-07-10,4
2009-07-11,2
2009-07-13,2
2009-07-14,2
2009-07-15,5
2009-07-16,3
2009-07-17,2
2009-07-18,2
2009-07-19,2
2009-07-20,6
2009-07-21,6
2009-07-22,21
2009-07-23,2
2009-07-24,3
2009-07-25,2
2009-07-26,5
2009-07-27,2
2009-07-28,10
2009-07-29,5
2009-07-30,4
2009-07-31,30
2009-08-01,13
2009-08-03,2
2009-08-04,3
2009-08-05,5
2009-08-06,7
2009-08-07,3
2009-08-08,4
2009-08-09,2
2009-08-10,3
2009-08-11,3
2009-08-12,3
2009-08-13,18
2009-08-14,6
2009-08-15,6
2009-08-17,1
2009-08-18,61
2009-08-19,2
2009-08-20,9
2009-08-21,3
2009-08-22,3
2009-08-23,1
2009-08-24,3
2009-08-25,2
2009-08-26,3
2009-08-27,2
2009-08-28,2
2009-08-31,33
2009-09-01,17
2009-09-02,1
2009-09-03,4
2009-09-04,2
2009-09-07,4
2009-09-08,3
2009-09-09,1
2009-09-10,5
2009-09-11,2
2009-09-12,2
2009-09-13,2
2009-09-14,2
2009-09-15,3
2009-09-16,8
2009-09-17,3
2009-09-18,49
2009-09-19,5
2009-09-21,5
2009-09-22,4
2009-09-23,5
2009-09-24,5
2009-09-25,7
2009-09-26,8
2009-09-27,1
2009-09-28,6
2009-09-29,3
2009-09-30,37
2009-10-01,15
2009-10-02,6
2009-10-03,2
2009-10-05,6
2009-10-06,6
2009-10-07,6
2009-10-08,4
2009-10-09,3
2009-10-10,5
2009-10-12,5
2009-10-13,4
2009-10-14,3
2009-10-15,6
2009-10-16,6
2009-10-17,1
2009-10-18,1
2009-10-19,1
2009-10-20,9
2009-10-21,1
2009-10-22,5
2009-10-23,6
2009-10-24,5
2009-10-25,3
2009-10-26,9
2009-10-27,10
2009-10-28,3
2009-10-29,5
2009-10-30,18
2009-10-31,39
2009-11-01,4
2009-11-02,5
2009-11-03,3
2009-11-04,2
2009-11-05,6
2009-11-06,5
2009-11-07,3
2009-11-08,1
2009-11-10,15
2009-11-11,5
2009-11-12,3
2009-11-13,5
2009-11-14,4
2009-11-16,44
2009-11-17,5
2009-11-18,4
2009-11-19,8
2009-11-20,2
2009-11-22,1
2009-11-23,2
2009-11-24,2
2009-11-25,4
2009-11-26,15
2009-11-27,6
2009-11-28,6
2009-11-30,38
2009-12-01,15
2009-12-02,2
2009-12-03,6
2009-12-04,7
2009-12-05,2
2009-12-07,2
2009-12-08,4
2009-12-09,5
2009-12-10,6
2009-12-11,10
2009-12-13,1
2009-12-14,1
2009-12-15,9
2009-12-16,10
2009-12-17,7
2009-12-18,4
2009-12-19,1
2009-12-20,2
2009-12-21,5
2009-12-22,2
2009-12-23,3
2009-12-24,7
2009-12-25,2
2009-12-26,3
2009-12-28,3
2009-12-29,4
2009-12-30,9
2009-12-31,104
2010,1672
2010-01-01,12
2010-01-03,3
2010-01-04,4
2010-01-05,6
2010-01-06,6
2010-01-07,6
2010-01-08,3
2010-01-11,11
2010-01-12,3
2010-01-13,8
2010-01-14,3
2010-01-15,13
2010-01-16,3
2010-01-17,1
2010-01-18,1
2010-01-19,6
2010-01-20,5
2010-01-21,2
2010-01-22,2
2010-01-23,1
2010-01-25,4
2010-01-26,8
2010-01-27,2
2010-01-28,6
2010-01-29,4
2010-01-30,1
2010-01-31,21
2010-02-01,18
2010-02-02,3
2010-02-03,4
2010-02-04,6
2010-02-05,7
2010-02-06,3
2010-02-07,3
2010-02-08,3
2010-02-09,5
2010-02-10,6
2010-02-11,7
2010-02-12,9
2010-02-13,2
2010-02-14,1
2010-02-15,2
2010-02-16,1
2010-02-17,3
2010-02-18,7
2010-02-19,7
2010-02-20,3
2010-02-22,4
2010-02-23,5
2010-02-24,6
2010-02-25,12
2010-02-26,9
2010-02-27,2
2010-02-28,34
2010-03-01,17
2010-03-02,7
2010-03-03,6
2010-03-04,2
2010-03-05,8
2010-03-06,4
2010-03-07,7
2010-03-08,1
2010-03-09,5
2010-03-10,7
2010-03-11,6
2010-03-12,4
2010-03-13,2
2010-03-14,1
2010-03-15,6
2010-03-16,4
2010-03-17,5
2010-03-18,9
2010-03-19,2
2010-03-20,2
2010-03-21,3
2010-03-22,2
2010-03-23,3
2010-03-24,10
2010-03-25,5
2010-03-26,13
2010-03-27,8
2010-03-28,1
2010-03-29,5
2010-03-30,11
2010-03-31,44
2010-04-01,25
2010-04-02,4
2010-04-04,1
2010-04-06,2
2010-04-07,6
2010-04-08,10
2010-04-09,3
2010-04-10,3
2010-04-12,1
2010-04-13,8
2010-04-14,3
2010-04-15,2
2010-04-16,2
2010-04-17,2
2010-04-18,3
2010-04-19,5
2010-04-20,3
2010-04-21,11
2010-04-22,7
2010-04-23,13
2010-04-24,2
2010-04-26,16
2010-04-27,13
2010-04-28,17
2010-04-29,9
2010-04-30,28
2010-05-01,8
2010-05-02,1
2010-05-03,3
2010-05-04,2
2010-05-05,5
2010-05-06,8
2010-05-07,5
2010-05-09,1
2010-05-10,2
2010-05-11,2
2010-05-12,7
2010-05-13,24
2010-05-14,10
2010-05-15,4
2010-05-17,6
2010-05-18,8
2010-05-19,5
2010-05-20,15
2010-05-21,10
2010-05-22,1
2010-05-23,1
2010-05-24,2
2010-05-25,7
2010-05-26,13
2010-05-27,5
2010-05-28,10
2010-05-29,2
2010-05-30,3
2010-05-31,24
2010-06-01,16
2010-06-02,8
2010-06-03,4
2010-06-04,2
2010-06-05,2
2010-06-06,6
2010-06-07,10
2010-06-08,4
2010-06-09,8
2010-06-10,7
2010-06-11,5
2010-06-12,1
2010-06-13,2
2010-06-14,6
2010-06-15,9
2010-06-16,3
2010-06-17,9
2010-06-18,6
2010-06-20,3
2010-06-21,4
2010-06-22,7
2010-06-23,8
2010-06-24,10
2010-06-25,9
2010-06-26,6
2010-06-28,14
2010-06-29,3
2010-06-30,40
2010-07-01,17
2010-07-02,5
2010-07-03,4
2010-07-04,1
2010-07-05,3
2010-07-06,6
2010-07-07,12
2010-07-08,2
2010-07-09,6
2010-07-10,2
2010-07-11,2
2010-07-12,3
2010-07-13,6
2010-07-14,5
2010-07-15,9
2010-07-16,3
2010-07-17,4
2010-07-18,1
2010-07-19,2
2010-07-20,8
2010-07-21,5
2010-07-22,6
2010-07-23,5
2010-07-24,2
2010-07-26,5
2010-07-27,8
2010-07-28,6
2010-07-29,5
2010-07-30,6
2010-07-31,31
2010-08-01,12
2010-08-02,6
2010-08-03,2
2010-08-04,2
2010-08-05,3
2010-08-06,5
2010-08-07,1
2010-08-08,1
2010-08-10,3
2010-08-11,4
2010-08-12,5
2010-08-13,8
2010-08-14,1
2010-08-15,3
2010-08-16,3
2010-08-17,5
2010-08-18,1
2010-08-19,14
2010-08-20,5
2010-08-21,1
2010-08-22,1
2010-08-24,4
2010-08-26,9
2010-08-27,4
2010-08-28,1
2010-08-29,2
2010-08-31,29
2010-09-01,17
2010-09-02,13
2010-09-03,3
2010-09-04,2
2010-09-06,1
2010-09-07,6
2010-09-08,1
2010-09-09,3
2010-09-10,2
2010-09-11,1
2010-09-13,1
2010-09-14,6
2010-09-15,11
2010-09-16,3
2010-09-17,3
2010-09-18,2
2010-09-20,5
2010-09-21,3
2010-09-22,3
2010-09-23,3
2010-09-24,6
2010-09-25,2
2010-09-26,4
2010-09-27,1
2010-09-28,1
2010-09-29,2
2010-09-30,64
2010-10-01,10
2010-10-02,2
2010-10-03,1
2010-10-04,6
2010-10-05,1
2010-10-06,3
2010-10-07,2
2010-10-08,9
2010-10-09,3
2010-10-11,5
2010-10-12,10
2010-10-13,3
2010-10-14,7
2010-10-15,8
2010-10-16,3
2010-10-17,1
2010-10-18,3
2010-10-19,6
2010-10-20,4
2010-10-21,5
2010-10-22,3
2010-10-23,1
2010-10-25,1
2010-10-26,12
2010-10-27,6
2010-10-28,5
2010-10-29,7
2010-10-30,3
2010-10-31,36
2010-11-01,7
2010-11-02,5
2010-11-03,6
2010-11-04,8
2010-11-05,3
2010-11-09,3
2010-11-10,6
2010-11-11,6
2010-11-12,5
2010-11-13,6
2010-11-14,2
2010-11-15,12
2010-11-16,4
2010-11-17,2
2010-11-18,9
2010-11-19,4
2010-11-20,2
2010-11-21,4
2010-11-22,2
2010-11-23,3
2010-11-24,9
2010-11-25,9
2010-11-26,11
2010-11-29,3
2010-11-30,38
2010-12-01,10
2010-12-02,4
2010-12-03,8
2010-12-04,4
2010-12-06,3
2010-12-07,2
2010-12-08,2
2010-12-09,2
2010-12-10,4
2010-12-11,4
2010-12-12,1
2010-12-13,3
2010-12-14,1
2010-12-15,11
2010-12-16,4
2010-12-17,4
2010-12-18,1
2010-12-20,7
2010-12-21,4
2010-12-22,7
2010-12-23,8
2010-12-24,7
2010-12-26,8
2010-12-27,20
2010-12-28,7
2010-12-29,3
2010-12-30,9
2010-12-31,81
2011,2097
2011-01-01,13
2011-01-03,4
2011-01-04,8
2011-01-05,6
2011-01-06,3
2011-01-07,5
2011-01-08,2
2011-01-09,8
2011-01-10,10
2011-01-11,3
2011-01-12,4
2011-01-13,4
2011-01-14,4
2011-01-15,4
2011-01-17,5
2011-01-18,3
2011-01-19,7
2011-01-20,6
2011-01-21,10
2011-01-22,1
2011-01-23,1
2011-01-24,4
2011-01-25,11
2011-01-26,5
2011-01-27,13
2011-01-28,4
2011-01-29,2
2011-01-30,1
2011-01-31,34
2011-02-01,18
2011-02-02,5
2011-02-03,6
2011-02-04,4
2011-02-05,6
2011-02-06,1
2011-02-07,3
2011-02-08,4
2011-02-09,3
2011-02-10,6
2011-02-11,5
2011-02-12,3
2011-02-14,3
2011-02-15,9
2011-02-16,4
2011-02-17,3
2011-02-18,5
2011-02-20,4
2011-02-21,5
2011-02-22,5
2011-02-23,4
2011-02-24,3
2011-02-25,4
2011-02-26,1
2011-02-28,26
2011-03-01,8
2011-03-02,8
2011-03-03,5
2011-03-04,4
2011-03-05,2
2011-03-06,1
2011-03-07,4
2011-03-08,6
2011-03-09,6
2011-03-10,4
2011-03-11,6
2011-03-12,1
2011-03-13,2
2011-03-14,2
2011-03-15,9
2011-03-16,5
2011-03-17,4
2011-03-18,6
2011-03-19,1
2011-03-21,25
2011-03-22,4
2011-03-23,2
2011-03-24,12
2011-03-25,3
2011-03-26,13
2011-03-28,5
2011-03-29,6
2011-03-30,6
2011-03-31,28
2011-04-01,18
2011-04-03,2
2011-04-05,3
2011-04-06,5
2011-04-07,7
2011-04-08,4
2011-04-09,2
2011-04-10,3
2011-04-11,3
2011-04-12,7
2011-04-13,4
2011-04-14,3
2011-04-15,9
2011-04-16,3
2011-04-17,1
2011-04-18,7
2011-04-19,3
2011-04-20,1
2011-04-21,5
2011-04-22,2
2011-04-23,1
2011-04-25,4
2011-04-26,11
2011-04-27,7
2011-04-28,5
2011-04-29,26
2011-04-30,29
2011-05-01,12
2011-05-02,1
2011-05-03,7
2011-05-04,5
2011-05-05,7
2011-05-06,7
2011-05-07,2
2011-05-08,4
2011-05-09,8
2011-05-10,8
2011-05-11,3
2011-05-12,7
2011-05-13,2
2011-05-14,1
2011-05-15,7
2011-05-16,3
2011-05-17,2
2011-05-18,11
2011-05-19,7
2011-05-20,6
2011-05-21,1
2011-05-23,6
2011-05-24,3
2011-05-25,9
2011-05-26,7
2011-05-27,9
2011-05-30,6
2011-05-31,22
2011-06-01,15
2011-06-02,10
2011-06-03,3
2011-06-04,1
2011-06-05,1
2011-06-06,1
2011-06-07,6
2011-06-08,4
2011-06-09,3
2011-06-10,9
2011-06-11,1
2011-06-12,4
2011-06-13,1
2011-06-14,5
2011-06-15,8
2011-06-16,3
2011-06-17,2
2011-06-19,1
2011-06-20,12
2011-06-21,10
2011-06-22,9
2011-06-23,1
2011-06-24,6
2011-06-25,2
2011-06-26,10
2011-06-27,1
2011-06-28,9
2011-06-29,2
2011-06-30,34
2011-07-01,25
2011-07-02,1
2011-07-04,4
2011-07-05,6
2011-07-06,5
2011-07-07,7
2011-07-08,4
2011-07-09,2
2011-07-10,3
2011-07-11,5
2011-07-12,18
2011-07-13,3
2011-07-14,8
2011-07-15,5
2011-07-16,4
2011-07-18,6
2011-07-19,8
2011-07-20,7
2011-07-21,6
2011-07-22,2
2011-07-23,4
2011-07-25,4
2011-07-26,10
2011-07-27,4
2011-07-28,5
2011-07-29,5
2011-07-30,2
2011-07-31,20
2011-08-01,10
2011-08-02,7
2011-08-03,6
2011-08-04,3
2011-08-05,3
2011-08-06,3
2011-08-07,1
2011-08-08,4
2011-08-09,4
2011-08-10,10
2011-08-11,5
2011-08-12,5
2011-08-13,3
2011-08-15,12
2011-08-16,4
2011-08-17,8
2011-08-18,3
2011-08-19,3
2011-08-20,5
2011-08-21,1
2011-08-22,6
2011-08-23,4
2011-08-24,7
2011-08-25,3
2011-08-26,15
2011-08-27,1
2011-08-28,1
2011-08-29,1
2011-08-30,12
2011-08-31,22
2011-09-01,11
2011-09-02,7
2011-09-03,1
2011-09-04,1
2011-09-05,1
2011-09-06,6
2011-09-07,6
2011-09-08,8
2011-09-09,1
2011-09-10,2
2011-09-11,2
2011-09-12,1
2011-09-13,3
2011-09-14,6
2011-09-15,7
2011-09-16,5
2011-09-18,1
2011-09-19,4
2011-09-20,3
2011-09-21,1
2011-09-22,9
2011-09-23,5
2011-09-24,1
2011-09-25,1
2011-09-26,8
2011-09-27,3
2011-09-28,10
2011-09-29,7
2011-09-30,26
2011-10-01,13
2011-10-02,1
2011-10-03,9
2011-10-04,10
2011-10-05,1
2011-10-06,7
2011-10-07,5
2011-10-08,2
2011-10-09,2
2011-10-10,5
2011-10-11,8
2011-10-12,9
2011-10-13,10
2011-10-14,6
2011-10-15,8
2011-10-16,1
2011-10-17,8
2011-10-18,2
2011-10-19,7
2011-10-20,16
2011-10-21,6
2011-10-23,1
2011-10-24,5
2011-10-25,4
2011-10-26,6
2011-10-27,6
2011-10-28,12
2011-10-29,3
2011-10-30,2
2011-10-31,13
2011-11-01,27
2011-11-02,10
2011-11-03,9
2011-11-04,7
2011-11-05,1
2011-11-06,3
2011-11-07,4
2011-11-08,14
2011-11-09,8
2011-11-10,3
2011-11-11,5
2011-11-12,2
2011-11-13,1
2011-11-14,5
2011-11-15,4
2011-11-16,4
2011-11-17,6
2011-11-18,6
2011-11-19,3
2011-11-20,1
2011-11-21,11
2011-11-22,11
2011-11-23,9
2011-11-24,5
2011-11-25,8
2011-11-26,6
2011-11-28,1
2011-11-29,5
2011-11-30,47
2011-12-01,16
2011-12-02,10
2011-12-03,3
2011-12-04,3
2011-12-05,26
2011-12-06,6
2011-12-07,6
2011-12-08,6
2011-12-09,6
2011-12-10,2
2011-12-12,3
2011-12-13,4
2011-12-14,17
2011-12-15,12
2011-12-16,12
2011-12-17,4
2011-12-19,6
2011-12-20,7
2011-12-21,3
2011-12-22,12
2011-12-23,4
2011-12-24,2
2011-12-25,2
2011-12-26,7
2011-12-27,1
2011-12-28,8
2011-12-29,7
2011-12-30,4
2011-12-31,102
2012,2372
2012-01-01,13
2012-01-02,1
2012-01-03,7
2012-01-04,5
2012-01-05,6
2012-01-06,7
2012-01-07,5
2012-01-08,2
2012-01-09,5
2012-01-10,4
2012-01-11,3
2012-01-12,9
2012-01-13,3
2012-01-14,4
2012-01-15,4
2012-01-16,4
2012-01-17,10
2012-01-18,9
2012-01-19,2
2012-01-20,7
2012-01-21,3
2012-01-22,2
2012-01-23,4
2012-01-24,3
2012-01-25,5
2012-01-26,12
2012-01-27,4
2012-01-28,5
2012-01-30,2
2012-01-31,37
2012-02-01,10
2012-02-02,4
2012-02-03,4
2012-02-05,3
2012-02-06,4
2012-02-07,9
2012-02-08,8
2012-02-09,3
2012-02-10,2
2012-02-11,1
2012-02-13,4
2012-02-14,2
2012-02-15,9
2012-02-16,9
2012-02-17,8
2012-02-18,6
2012-02-20,11
2012-02-21,6
2012-02-22,10
2012-02-23,5
2012-02-24,3
2012-02-25,2
2012-02-26,2
2012-02-27,13
2012-02-28,6
2012-02-29,30
2012-03-01,22
2012-03-02,4
2012-03-03,4
2012-03-05,3
2012-03-06,3
2012-03-07,4
2012-03-08,12
2012-03-09,6
2012-03-10,4
2012-03-11,1
2012-03-12,6
2012-03-13,3
2012-03-14,10
2012-03-15,13
2012-03-16,5
2012-03-17,4
2012-03-19,3
2012-03-20,15
2012-03-21,30
2012-03-22,6
2012-03-23,8
2012-03-24,1
2012-03-25,2
2012-03-26,2
2012-03-27,6
2012-03-28,3
2012-03-29,6
2012-03-30,8
2012-03-31,21
2012-04-01,14
2012-04-02,3
2012-04-03,5
2012-04-04,9
2012-04-05,15
2012-04-06,5
2012-04-07,3
2012-04-09,4
2012-04-10,4
2012-04-11,4
2012-04-12,5
2012-04-13,4
2012-04-14,2
2012-04-15,11
2012-04-16,6
2012-04-17,2
2012-04-18,1
2012-04-19,9
2012-04-20,11
2012-04-21,2
2012-04-23,4
2012-04-24,9
2012-04-25,3
2012-04-26,13
2012-04-27,5
2012-04-30,26
2012-05-01,9
2012-05-02,7
2012-05-03,11
2012-05-04,9
2012-05-06,1
2012-05-07,6
2012-05-08,14
2012-05-09,3
2012-05-10,4
2012-05-11,5
2012-05-12,1
2012-05-13,1
2012-05-14,3
2012-05-15,9
2012-05-16,7
2012-05-17,8
2012-05-18,5
2012-05-19,2
2012-05-20,4
2012-05-21,5
2012-05-22,9
2012-05-23,7
2012-05-24,13
2012-05-25,6
2012-05-26,5
2012-05-27,1
2012-05-28,2
2012-05-29,4
2012-05-30,6
2012-05-31,24
2012-06-01,21
2012-06-02,1
2012-06-03,1
2012-06-04,6
2012-06-05,5
2012-06-06,5
2012-06-07,5
2012-06-08,3
2012-06-09,2
2012-06-10,3
2012-06-11,4
2012-06-12,4
2012-06-13,5
2012-06-14,5
2012-06-15,8
2012-06-16,1
2012-06-17,2
2012-06-18,6
2012-06-19,6
2012-06-20,11
2012-06-21,5
2012-06-22,8
2012-06-25,5
2012-06-26,9
2012-06-27,4
2012-06-28,3
2012-06-29,10
2012-06-30,19
2012-07-01,10
2012-07-02,6
2012-07-03,1
2012-07-04,2
2012-07-05,7
2012-07-06,6
2012-07-08,2
2012-07-09,3
2012-07-10,6
2012-07-11,6
2012-07-12,3
2012-07-13,7
2012-07-14,1
2012-07-15,2
2012-07-16,2
2012-07-17,5
2012-07-18,5
2012-07-19,5
2012-07-20,8
2012-07-21,3
2012-07-22,3
2012-07-23,4
2012-07-24,6
2012-07-25,14
2012-07-26,17
2012-07-27,13
2012-07-28,2
2012-07-29,2
2012-07-30,4
2012-07-31,15
2012-08-01,21
2012-08-02,10
2012-08-03,10
2012-08-04,1
2012-08-05,1
2012-08-06,4
2012-08-07,4
2012-08-08,6
2012-08-09,6
2012-08-10,2
2012-08-12,1
2012-08-13,2
2012-08-14,10
2012-08-15,18
2012-08-16,14
2012-08-17,9
2012-08-18,2
2012-08-19,2
2012-08-20,6
2012-08-21,8
2012-08-22,12
2012-08-23,12
2012-08-24,10
2012-08-25,1
2012-08-26,7
2012-08-27,2
2012-08-28,5
2012-08-29,8
2012-08-30,6
2012-08-31,37
2012-09-01,10
2012-09-04,5
2012-09-05,7
2012-09-06,5
2012-09-07,13
2012-09-08,6
2012-09-09,1
2012-09-10,3
2012-09-11,6
2012-09-12,6
2012-09-13,9
2012-09-14,19
2012-09-15,4
2012-09-16,2
2012-09-17,4
2012-09-18,7
2012-09-19,10
2012-09-20,4
2012-09-21,10
2012-09-22,1
2012-09-23,2
2012-09-24,8
2012-09-25,13
2012-09-26,8
2012-09-27,10
2012-09-28,11
2012-09-29,5
2012-09-30,20
2012-10-01,13
2012-10-02,5
2012-10-03,6
2012-10-04,5
2012-10-05,6
2012-10-06,1
2012-10-07,5
2012-10-08,4
2012-10-09,5
2012-10-10,8
2012-10-11,8
2012-10-12,11
2012-10-13,2
2012-10-14,2
2012-10-15,2
2012-10-16,7
2012-10-17,8
2012-10-18,2
2012-10-19,8
2012-10-22,3
2012-10-23,10
2012-10-24,5
2012-10-25,8
2012-10-26,9
2012-10-27,2
2012-10-29,5
2012-10-30,9
2012-10-31,34
2012-11-01,9
2012-11-02,5
2012-11-03,2
2012-11-04,2
2012-11-05,6
2012-11-06,4
2012-11-07,18
2012-11-08,7
2012-11-09,4
2012-11-10,4
2012-11-11,2
2012-11-12,3
2012-11-13,3
2012-11-14,7
2012-11-15,11
2012-11-16,7
2012-11-17,1
2012-11-18,5
2012-11-19,7
2012-11-20,5
2012-11-21,8
2012-11-22,2
2012-11-23,7
2012-11-24,3
2012-11-25,5
2012-11-26,10
2012-11-27,4
2012-11-28,9
2012-11-29,8
2012-11-30,33
2012-12-01,14
2012-12-02,58
2012-12-03,2
2012-12-04,4
2012-12-05,9
2012-12-06,10
2012-12-07,9
2012-12-08,1
2012-12-09,1
2012-12-10,13
2012-12-11,13
2012-12-12,5
2012-12-13,11
2012-12-14,8
2012-12-15,4
2012-12-17,5
2012-12-18,3
2012-12-19,6
2012-12-20,11
2012-12-21,12
2012-12-22,2
2012-12-23,3
2012-12-24,1
2012-12-25,1
2012-12-26,14
2012-12-27,8
2012-12-28,8
2012-12-29,1
2012-12-30,3
2012-12-31,85
2013,2881
2013-01-01,13
2013-01-02,2
2013-01-03,2
2013-01-04,6
2013-01-05,5
2013-01-06,2
2013-01-07,11
2013-01-08,6
2013-01-10,7
2013-01-11,6
2013-01-12,1
2013-01-13,6
2013-01-14,4
2013-01-15,12
2013-01-16,9
2013-01-17,7
2013-01-18,2
2013-01-19,3
2013-01-20,4
2013-01-21,3
2013-01-22,7
2013-01-23,9
2013-01-24,9
2013-01-25,6
2013-01-26,4
2013-01-27,1
2013-01-28,6
2013-01-29,4
2013-01-30,9
2013-01-31,31
2013-02-01,11
2013-02-02,2
2013-02-03,2
2013-02-04,3
2013-02-05,8
2013-02-06,6
2013-02-07,8
2013-02-08,5
2013-02-09,22
2013-02-10,30
2013-02-11,1
2013-02-12,4
2013-02-13,10
2013-02-14,6
2013-02-15,9
2013-02-16,6
2013-02-17,2
2013-02-18,4
2013-02-19,11
2013-02-20,6
2013-02-21,6
2013-02-22,4
2013-02-23,3
2013-02-25,5
2013-02-26,7
2013-02-27,9
2013-02-28,24
2013-03-01,18
2013-03-03,3
2013-03-04,3
2013-03-05,4
2013-03-06,7
2013-03-07,9
2013-03-08,8
2013-03-10,4
2013-03-11,9
2013-03-12,9
2013-03-13,8
2013-03-14,5
2013-03-15,15
2013-03-16,3
2013-03-18,5
2013-03-19,10
2013-03-20,8
2013-03-21,5
2013-03-22,7
2013-03-23,7
2013-03-24,2
2013-03-25,4
2013-03-26,8
2013-03-27,7
2013-03-28,7
2013-03-29,4
2013-03-30,2
2013-03-31,17
2013-04-01,17
2013-04-02,9
2013-04-03,27
2013-04-04,13
2013-04-05,13
2013-04-06,2
2013-04-07,2
2013-04-08,7
2013-04-09,3
2013-04-10,6
2013-04-11,9
2013-04-12,6
2013-04-14,1
2013-04-15,7
2013-04-16,4
2013-04-17,10
2013-04-18,10
2013-04-19,10
2013-04-20,3
2013-04-22,6
2013-04-23,10
2013-04-24,6
2013-04-25,6
2013-04-26,9
2013-04-27,4
2013-04-28,2
2013-04-29,5
2013-04-30,26
2013-05-01,18
2013-05-02,4
2013-05-03,6
2013-05-04,1
2013-05-06,2
2013-05-07,9
2013-05-08,2
2013-05-09,7
2013-05-10,6
2013-05-11,2
2013-05-12,2
2013-05-13,4
2013-05-14,8
2013-05-15,10
2013-05-16,5
2013-05-17,5
2013-05-18,6
2013-05-20,4
2013-05-21,6
2013-05-22,9
2013-05-23,7
2013-05-24,8
2013-05-25,3
2013-05-26,7
2013-05-27,4
2013-05-28,4
2013-05-29,23
2013-05-30,8
2013-05-31,25
2013-06-01,12
2013-06-02,2
2013-06-03,6
2013-06-04,4
2013-06-05,4
2013-06-06,6
2013-06-07,3
2013-06-09,3
2013-06-10,3
2013-06-11,8
2013-06-12,4
2013-06-13,8
2013-06-14,11
2013-06-15,7
2013-06-17,5
2013-06-18,7
2013-06-19,7
2013-06-20,11
2013-06-21,5
2013-06-22,4
2013-06-23,2
2013-06-24,7
2013-06-25,8
2013-06-26,27
2013-06-27,16
2013-06-28,7
2013-06-29,1
2013-06-30,24
2013-07-01,19
2013-07-02,7
2013-07-03,5
2013-07-04,6
2013-07-05,8
2013-07-06,1
2013-07-07,1
2013-07-08,5
2013-07-09,13
2013-07-10,9
2013-07-11,5
2013-07-12,11
2013-07-13,5
2013-07-14,1
2013-07-15,3
2013-07-16,8
2013-07-17,7
2013-07-18,11
2013-07-19,9
2013-07-20,5
2013-07-21,1
2013-07-22,5
2013-07-23,10
2013-07-24,12
2013-07-25,7
2013-07-26,11
2013-07-27,3
2013-07-28,2
2013-07-29,9
2013-07-30,5
2013-07-31,26
2013-08-01,22
2013-08-02,5
2013-08-03,1
2013-08-04,2
2013-08-05,7
2013-08-06,10
2013-08-07,11
2013-08-08,7
2013-08-09,6
2013-08-10,1
2013-08-11,3
2013-08-12,16
2013-08-13,6
2013-08-14,4
2013-08-15,18
2013-08-16,2
2013-08-17,4
2013-08-19,5
2013-08-20,9
2013-08-21,8
2013-08-22,9
2013-08-23,5
2013-08-24,2
2013-08-25,1
2013-08-26,38
2013-08-27,7
2013-08-28,8
2013-08-29,6
2013-08-30,12
2013-08-31,29
2013-09-01,11
2013-09-02,3
2013-09-03,9
2013-09-04,6
2013-09-05,3
2013-09-06,9
2013-09-07,3
2013-09-08,7
2013-09-09,2
2013-09-10,4
2013-09-11,4
2013-09-12,9
2013-09-13,9
2013-09-14,2
2013-09-15,8
2013-09-16,7
2013-09-17,3
2013-09-18,15
2013-09-19,5
2013-09-20,8
2013-09-21,2
2013-09-23,8
2013-09-24,6
2013-09-25,11
2013-09-26,10
2013-09-27,8
2013-09-28,3
2013-09-29,2
2013-09-30,50
2013-10-01,19
2013-10-02,6
2013-10-03,10
2013-10-04,7
2013-10-05,6
2013-10-06,3
2013-10-07,4
2013-10-08,15
2013-10-09,6
2013-10-10,15
2013-10-11,7
2013-10-12,7
2013-10-15,7
2013-10-16,6
2013-10-17,6
2013-10-18,7
2013-10-20,1
2013-10-21,23
2013-10-22,9
2013-10-23,7
2013-10-24,9
2013-10-25,7
2013-10-26,7
2013-10-27,4
2013-10-28,5
2013-10-29,10
2013-10-30,9
2013-10-31,50
2013-11-01,21
2013-11-04,7
2013-11-05,3
2013-11-06,12
2013-11-07,9
2013-11-08,6
2013-11-09,3
2013-11-10,1
2013-11-11,5
2013-11-12,5
2013-11-13,13
2013-11-14,23
2013-11-15,11
2013-11-16,4
2013-11-17,56
2013-11-18,9
2013-11-19,10
2013-11-20,5
2013-11-21,13
2013-11-22,10
2013-11-23,5
2013-11-24,1
2013-11-25,4
2013-11-26,12
2013-11-27,3
2013-11-28,5
2013-11-29,5
2013-11-30,38
2013-12-01,18
2013-12-02,8
2013-12-03,5
2013-12-04,5
2013-12-05,13
2013-12-06,23
2013-12-07,1
2013-12-08,1
2013-12-09,6
2013-12-10,6
2013-12-11,10
2013-12-12,9
2013-12-13,9
2013-12-14,1
2013-12-15,6
2013-12-16,7
2013-12-17,7
2013-12-18,5
2013-12-19,6
2013-12-20,4
2013-12-21,4
2013-12-22,1
2013-12-23,11
2013-12-24,4
2013-12-25,4
2013-12-26,19
2013-12-27,7
2013-12-28,1
2013-12-29,1
2013-12-30,6
2013-12-31,103
2014,3410
2014-01-01,22
2014-01-02,9
2014-01-03,4
2014-01-04,6
2014-01-05,3
2014-01-06,6
2014-01-07,7
2014-01-08,6
2014-01-09,17
2014-01-10,13
2014-01-11,4
2014-01-12,4
2014-01-13,7
2014-01-14,4
2014-01-15,11
2014-01-16,5
2014-01-17,9
2014-01-19,2
2014-01-20,8
2014-01-21,9
2014-01-22,6
2014-01-23,6
2014-01-24,4
2014-01-25,4
2014-01-26,6
2014-01-27,9
2014-01-28,13
2014-01-29,3
2014-01-30,6
2014-01-31,29
2014-02-01,7
2014-02-03,2
2014-02-04,4
2014-02-05,4
2014-02-06,7
2014-02-07,8
2014-02-08,7
2014-02-09,5
2014-02-10,6
2014-02-11,5
2014-02-12,6
2014-02-13,9
2014-02-14,6
2014-02-15,3
2014-02-17,4
2014-02-18,11
2014-02-19,10
2014-02-20,10
2014-02-21,7
2014-02-22,5
2014-02-23,1
2014-02-24,8
2014-02-25,10
2014-02-26,11
2014-02-27,13
2014-02-28,32
2014-03-01,15
2014-03-02,3
2014-03-03,4
2014-03-04,10
2014-03-05,9
2014-03-06,8
2014-03-07,15
2014-03-08,1
2014-03-09,2
2014-03-10,4
2014-03-11,7
2014-03-12,5
2014-03-13,11
2014-03-14,10
2014-03-15,5
2014-03-17,5
2014-03-18,7
2014-03-19,10
2014-03-20,11
2014-03-21,8
2014-03-22,1
2014-03-23,1
2014-03-24,8
2014-03-25,9
2014-03-26,15
2014-03-27,31
2014-03-28,9
2014-03-29,3
2014-03-30,1
2014-03-31,30
2014-04-01,21
2014-04-02,5
2014-04-03,10
2014-04-04,12
2014-04-05,4
2014-04-06,6
2014-04-07,7
2014-04-08,10
2014-04-09,11
2014-04-10,11
2014-04-11,3
2014-04-12,3
2014-04-13,4
2014-04-14,3
2014-04-15,10
2014-04-16,7
2014-04-17,12
2014-04-18,5
2014-04-19,2
2014-04-21,6
2014-04-22,6
2014-04-23,10
2014-04-24,11
2014-04-25,3
2014-04-26,14
2014-04-27,2
2014-04-28,5
2014-04-29,17
2014-04-30,45
2014-05-01,23
2014-05-02,5
2014-05-03,1
2014-05-05,5
2014-05-06,12
2014-05-07,6
2014-05-08,7
2014-05-09,3
2014-05-10,3
2014-05-11,2
2014-05-12,7
2014-05-13,6
2014-05-14,11
2014-05-15,9
2014-05-16,9
2014-05-17,1
2014-05-18,8
2014-05-19,8
2014-05-20,19
2014-05-21,10
2014-05-22,9
2014-05-23,8
2014-05-24,3
2014-05-25,1
2014-05-26,13
2014-05-27,11
2014-05-28,13
2014-05-29,12
2014-05-30,8
2014-05-31,20
2014-06-01,20
2014-06-02,6
2014-06-03,3
2014-06-04,7
2014-06-05,18
2014-06-06,4
2014-06-07,3
2014-06-08,2
2014-06-09,4
2014-06-10,4
2014-06-11,8
2014-06-12,10
2014-06-13,8
2014-06-14,1
2014-06-15,6
2014-06-16,7
2014-06-17,10
2014-06-18,4
2014-06-19,8
2014-06-20,10
2014-06-22,3
2014-06-23,6
2014-06-24,14
2014-06-25,33
2014-06-26,15
2014-06-27,35
2014-06-28,1
2014-06-29,1
2014-06-30,34
2014-07-01,18
2014-07-02,9
2014-07-03,9
2014-07-04,4
2014-07-05,1
2014-07-06,1
2014-07-07,12
2014-07-08,13
2014-07-09,4
2014-07-10,8
2014-07-11,5
2014-07-12,4
2014-07-14,6
2014-07-15,7
2014-07-16,6
2014-07-17,7
2014-07-18,8
2014-07-19,6
2014-07-21,2
2014-07-22,9
2014-07-23,5
2014-07-24,3
2014-07-25,17
2014-07-26,8
2014-07-27,2
2014-07-28,3
2014-07-29,6
2014-07-30,7
2014-07-31,25
2014-08-01,15
2014-08-02,2
2014-08-03,1
2014-08-04,1
2014-08-05,8
2014-08-06,10
2014-08-07,5
2014-08-08,12
2014-08-09,1
2014-08-11,8
2014-08-12,12
2014-08-13,7
2014-08-14,8
2014-08-15,11
2014-08-16,3
2014-08-17,3
2014-08-18,3
2014-08-19,9
2014-08-20,8
2014-08-21,7
2014-08-22,13
2014-08-23,3
2014-08-24,2
2014-08-25,4
2014-08-26,7
2014-08-27,3
2014-08-28,13
2014-08-29,6
2014-08-30,3
2014-08-31,34
2014-09-01,19
2014-09-02,8
2014-09-03,4
2014-09-04,5
2014-09-05,4
2014-09-06,2
2014-09-07,3
2014-09-08,7
2014-09-09,6
2014-09-10,6
2014-09-11,6
2014-09-12,7
2014-09-14,2
2014-09-15,6
2014-09-16,3
2014-09-17,6
2014-09-18,10
2014-09-19,5
2014-09-20,2
2014-09-22,7
2014-09-23,6
2014-09-24,5
2014-09-25,7
2014-09-26,17
2014-09-27,2
2014-09-28,3
2014-09-29,9
2014-09-30,37
2014-10-01,18
2014-10-02,8
2014-10-03,3
2014-10-04,3
2014-10-06,2
2014-10-07,3
2014-10-08,9
2014-10-09,2
2014-10-10,8
2014-10-11,1
2014-10-13,13
2014-10-14,11
2014-10-15,6
2014-10-16,9
2014-10-17,7
2014-10-18,5
2014-10-19,1
2014-10-20,6
2014-10-21,8
2014-10-22,5
2014-10-23,9
2014-10-24,3
2014-10-25,3
2014-10-26,3
2014-10-27,2
2014-10-28,8
2014-10-29,9
2014-10-30,6
2014-10-31,78
2014-11-01,11
2014-11-03,5
2014-11-04,7
2014-11-05,5
2014-11-06,12
2014-11-07,10
2014-11-08,2
2014-11-09,2
2014-11-10,8
2014-11-11,1
2014-11-12,16
2014-11-13,8
2014-11-14,8
2014-11-15,13
2014-11-16,1
2014-11-17,7
2014-11-18,9
2014-11-19,8
2014-11-20,7
2014-11-21,5
2014-11-22,4
2014-11-23,2
2014-11-24,6
2014-11-25,11
2014-11-26,8
2014-11-27,7
2014-11-28,27
2014-11-29,4
2014-11-30,35
2014-12-01,20
2014-12-02,4
2014-12-03,6
2014-12-04,11
2014-12-05,15
2014-12-07,2
2014-12-08,9
2014-12-09,2
2014-12-10,9
2014-12-11,14
2014-12-12,46
2014-12-13,23
2014-12-15,29
2014-12-16,7
2014-12-17,9
2014-12-18,33
2014-12-19,18
2014-12-20,1
2014-12-22,7
2014-12-23,5
2014-12-24,11
2014-12-25,3
2014-12-26,26
2014-12-27,3
2014-12-29,12
2014-12-30,12
2014-12-31,123
2015,3675
2015-01-01,24
2015-01-02,7
2015-01-04,3
2015-01-05,6
2015-01-06,4
2015-01-07,8
2015-01-08,6
2015-01-09,8
2015-01-10,2
2015-01-11,1
2015-01-12,1
2015-01-13,8
2015-01-14,5
2015-01-15,13
2015-01-16,3
2015-01-17,3
2015-01-19,7
2015-01-20,16
2015-01-21,6
2015-01-22,5
2015-01-23,10
2015-01-24,5
2015-01-25,4
2015-01-26,5
2015-01-27,7
2015-01-28,10
2015-01-29,10
2015-01-30,12
2015-01-31,26
2015-02-01,13
2015-02-02,8
2015-02-03,7
2015-02-04,8
2015-02-05,3
2015-02-06,5
2015-02-07,5
2015-02-08,1
2015-02-09,7
2015-02-10,10
2015-02-11,3
2015-02-12,9
2015-02-13,9
2015-02-14,2
2015-02-15,8
2015-02-16,4
2015-02-17,7
2015-02-18,10
2015-02-19,3
2015-02-20,7
2015-02-21,1
2015-02-22,4
2015-02-23,6
2015-02-24,2
2015-02-25,13
2015-02-26,22
2015-02-27,8
2015-02-28,31
2015-03-01,17
2015-03-02,3
2015-03-03,7
2015-03-04,7
2015-03-05,3
2015-03-06,9
2015-03-07,4
2015-03-08,2
2015-03-09,4
2015-03-10,10
2015-03-11,8
2015-03-12,9
2015-03-13,8
2015-03-14,2
2015-03-15,6
2015-03-16,11
2015-03-17,10
2015-03-18,8
2015-03-19,10
2015-03-20,12
2015-03-21,5
2015-03-23,8
2015-03-24,5
2015-03-25,10
2015-03-26,20
2015-03-27,6
2015-03-28,8
2015-03-29,2
2015-03-30,4
2015-03-31,28
2015-04-01,24
2015-04-02,11
2015-04-03,19
2015-04-05,2
2015-04-07,7
2015-04-08,10
2015-04-09,6
2015-04-10,8
2015-04-11,2
2015-04-13,9
2015-04-14,8
2015-04-15,15
2015-04-16,15
2015-04-17,7
2015-04-18,2
2015-04-19,3
2015-04-20,4
2015-04-21,5
2015-04-22,7
2015-04-23,16
2015-04-24,10
2015-04-25,3
2015-04-26,10
2015-04-27,10
2015-04-28,8
2015-04-29,8
2015-04-30,51
2015-05-01,10
2015-05-02,1
2015-05-03,2
2015-05-04,5
2015-05-05,4
2015-05-06,9
2015-05-07,11
2015-05-08,8
2015-05-09,3
2015-05-11,2
2015-05-12,7
2015-05-13,8
2015-05-14,12
2015-05-15,13
2015-05-16,4
2015-05-17,1
2015-05-18,4
2015-05-19,12
2015-05-20,12
2015-05-21,9
2015-05-22,7
2015-05-23,3
2015-05-24,1
2015-05-26,11
2015-05-27,9
2015-05-28,7
2015-05-29,8
2015-05-30,1
2015-05-31,25
2015-06-01,25
2015-06-02,8
2015-06-03,4
2015-06-04,13
2015-06-05,10
2015-06-06,3
2015-06-07,3
2015-06-08,8
2015-06-09,8
2015-06-10,6
2015-06-11,5
2015-06-12,12
2015-06-13,2
2015-06-14,2
2015-06-15,7
2015-06-16,7
2015-06-17,6
2015-06-18,8
2015-06-19,13
2015-06-20,4
2015-06-21,6
2015-06-22,4
2015-06-23,11
2015-06-24,15
2015-06-25,16
2015-06-26,21
2015-06-29,6
2015-06-30,46
2015-07-01,16
2015-07-02,7
2015-07-03,2
2015-07-04,2
2015-07-05,2
2015-07-06,2
2015-07-07,9
2015-07-08,8
2015-07-09,9
2015-07-10,13
2015-07-11,4
2015-07-13,1
2015-07-14,12
2015-07-15,8
2015-07-16,6
2015-07-17,4
2015-07-18,5
2015-07-19,2
2015-07-20,4
2015-07-21,9
2015-07-22,9
2015-07-23,9
2015-07-24,6
2015-07-25,9
2015-07-26,7
2015-07-27,4
2015-07-28,14
2015-07-29,9
2015-07-30,11
2015-07-31,30
2015-08-01,17
2015-08-03,5
2015-08-04,10
2015-08-05,9
2015-08-06,10
2015-08-07,13
2015-08-08,3
2015-08-09,1
2015-08-10,7
2015-08-11,10
2015-08-12,6
2015-08-13,12
2015-08-14,8
2015-08-15,9
2015-08-17,5
2015-08-18,11
2015-08-19,10
2015-08-20,7
2015-08-21,7
2015-08-22,2
2015-08-23,1
2015-08-24,6
2015-08-25,10
2015-08-26,15
2015-08-27,7
2015-08-28,19
2015-08-29,6
2015-08-30,1
2015-08-31,48
2015-09-01,32
2015-09-02,5
2015-09-03,9
2015-09-04,5
2015-09-05,3
2015-09-06,1
2015-09-07,6
2015-09-08,8
2015-09-09,7
2015-09-10,25
2015-09-11,3
2015-09-12,5
2015-09-13,1
2015-09-14,9
2015-09-15,18
2015-09-16,10
2015-09-17,7
2015-09-18,6
2015-09-19,5
2015-09-20,2
2015-09-21,10
2015-09-22,6
2015-09-23,8
2015-09-24,8
2015-09-25,17
2015-09-26,8
2015-09-28,4
2015-09-29,8
2015-09-30,58
2015-10-01,23
2015-10-02,5
2015-10-03,2
2015-10-05,3
2015-10-06,7
2015-10-07,7
2015-10-08,9
2015-10-09,8
2015-10-10,6
2015-10-11,2
2015-10-12,3
2015-10-13,11
2015-10-14,5
2015-10-15,12
2015-10-16,15
2015-10-17,5
2015-10-18,1
2015-10-19,7
2015-10-20,12
2015-10-21,6
2015-10-22,11
2015-10-23,28
2015-10-24,5
2015-10-25,5
2015-10-26,10
2015-10-27,2
2015-10-28,8
2015-10-29,11
2015-10-30,6
2015-10-31,40
2015-11-01,21
2015-11-02,9
2015-11-03,9
2015-11-04,8
2015-11-05,6
2015-11-06,16
2015-11-07,3
2015-11-09,5
2015-11-10,9
2015-11-11,1
2015-11-12,8
2015-11-13,6
2015-11-14,14
2015-11-15,8
2015-11-16,8
2015-11-17,8
2015-11-18,7
2015-11-19,7
2015-11-20,5
2015-11-21,1
2015-11-22,2
2015-11-23,10
2015-11-24,11
2015-11-25,10
2015-11-26,16
2015-11-27,10
2015-11-28,1
2015-11-30,53
2015-12-01,36
2015-12-02,19
2015-12-03,7
2015-12-04,10
2015-12-06,1
2015-12-07,9
2015-12-08,10
2015-12-09,19
2015-12-10,12
2015-12-11,12
2015-12-12,6
2015-12-13,1
2015-12-14,11
2015-12-15,12
2015-12-16,20
2015-12-17,20
2015-12-18,12
2015-12-19,4
2015-12-21,8
2015-12-22,16
2015-12-23,13
2015-12-24,4
2015-12-25,2
2015-12-26,12
2015-12-27,1
2015-12-28,19
2015-12-29,9
2015-12-30,11
2015-12-31,122
2016,3681
2016-01-01,23
2016-01-02,2
2016-01-04,12
2016-01-05,10
2016-01-06,15
2016-01-07,7
2016-01-08,9
2016-01-09,1
2016-01-10,1
2016-01-11,11
2016-01-12,3
2016-01-13,5
2016-01-14,7
2016-01-15,15
2016-01-16,1
2016-01-18,10
2016-01-19,9
2016-01-20,9
2016-01-21,5
2016-01-22,4
2016-01-23,5
2016-01-25,7
2016-01-26,9
2016-01-27,9
2016-01-28,8
2016-01-29,19
2016-01-31,30
2016-02-01,21
2016-02-02,11
2016-02-03,6
2016-02-04,8
2016-02-05,12
2016-02-06,7
2016-02-07,1
2016-02-08,4
2016-02-09,16
2016-02-10,11
2016-02-11,11
2016-02-12,21
2016-02-13,6
2016-02-14,2
2016-02-15,26
2016-02-16,11
2016-02-17,18
2016-02-18,11
2016-02-19,17
2016-02-20,2
2016-02-21,3
2016-02-22,11
2016-02-23,9
2016-02-24,9
2016-02-25,9
2016-02-26,16
2016-02-27,3
2016-02-28,4
2016-02-29,31
2016-03-01,20
2016-03-02,15
2016-03-03,15
2016-03-04,6
2016-03-07,7
2016-03-08,6
2016-03-09,15
2016-03-10,9
2016-03-11,10
2016-03-12,3
2016-03-13,1
2016-03-14,13
2016-03-15,13
2016-03-16,8
2016-03-17,15
2016-03-18,14
2016-03-19,1
2016-03-21,11
2016-03-22,9
2016-03-23,12
2016-03-24,10
2016-03-25,6
2016-03-26,6
2016-03-27,1
2016-03-28,6
2016-03-29,17
2016-03-30,15
2016-03-31,52
2016-04-01,20
2016-04-02,3
2016-04-04,12
2016-04-05,8
2016-04-06,14
2016-04-07,18
2016-04-08,12
2016-04-09,1
2016-04-10,1
2016-04-11,10
2016-04-12,10
2016-04-13,5
2016-04-14,9
2016-04-15,8
2016-04-16,3
2016-04-17,1
2016-04-18,5
2016-04-19,11
2016-04-20,7
2016-04-21,14
2016-04-22,6
2016-04-23,1
2016-04-24,1
2016-04-25,6
2016-04-26,13
2016-04-27,11
2016-04-28,9
2016-04-29,6
2016-04-30,41
2016-05-01,19
2016-05-02,7
2016-05-03,6
2016-05-04,15
2016-05-05,11
2016-05-06,7
2016-05-07,5
2016-05-08,2
2016-05-09,6
2016-05-10,4
2016-05-11,9
2016-05-12,13
2016-05-13,15
2016-05-14,5
2016-05-15,1
2016-05-16,6
2016-05-17,7
2016-05-18,5
2016-05-19,10
2016-05-20,8
2016-05-21,9
2016-05-23,15
2016-05-24,5
2016-05-25,5
2016-05-26,9
2016-05-27,8
2016-05-28,3
2016-05-30,4
2016-05-31,23
2016-06-01,24
2016-06-02,14
2016-06-03,21
2016-06-04,3
2016-06-05,1
2016-06-06,6
2016-06-07,10
2016-06-08,9
2016-06-09,8
2016-06-10,11
2016-06-11,6
2016-06-13,5
2016-06-14,9
2016-06-15,13
2016-06-16,9
2016-06-17,13
2016-06-18,4
2016-06-20,9
2016-06-21,8
2016-06-22,8
2016-06-23,17
2016-06-24,15
2016-06-25,4
2016-06-26,12
2016-06-27,7
2016-06-28,9
2016-06-29,8
2016-06-30,51
2016-07-01,22
2016-07-02,3
2016-07-04,7
2016-07-05,3
2016-07-06,8
2016-07-07,10
2016-07-08,9
2016-07-09,4
2016-07-11,10
2016-07-12,6
2016-07-13,7
2016-07-14,7
2016-07-15,5
2016-07-16,2
2016-07-18,5
2016-07-19,9
2016-07-20,9
2016-07-21,8
2016-07-22,8
2016-07-23,3
2016-07-25,5
2016-07-26,14
2016-07-27,9
2016-07-28,10
2016-07-29,13
2016-07-30,5
2016-07-31,31
2016-08-01,15
2016-08-02,5
2016-08-03,9
2016-08-04,7
2016-08-05,15
2016-08-06,2
2016-08-08,12
2016-08-09,10
2016-08-10,6
2016-08-11,5
2016-08-12,26
2016-08-13,6
2016-08-14,1
2016-08-15,12
2016-08-16,6
2016-08-17,8
2016-08-18,7
2016-08-19,7
2016-08-20,1
2016-08-21,2
2016-08-22,6
2016-08-23,4
2016-08-24,12
2016-08-25,11
2016-08-26,42
2016-08-27,3
2016-08-28,2
2016-08-29,11
2016-08-30,11
2016-08-31,36
2016-09-01,17
2016-09-02,13
2016-09-03,2
2016-09-05,7
2016-09-06,8
2016-09-07,10
2016-09-08,6
2016-09-09,14
2016-09-10,4
2016-09-12,6
2016-09-13,6
2016-09-14,12
2016-09-15,10
2016-09-16,6
2016-09-17,2
2016-09-19,10
2016-09-20,13
2016-09-21,8
2016-09-22,9
2016-09-23,17
2016-09-25,4
2016-09-26,13
2016-09-27,6
2016-09-28,10
2016-09-29,16
2016-09-30,60
2016-10-01,15
2016-10-03,6
2016-10-04,7
2016-10-05,7
2016-10-06,8
2016-10-07,15
2016-10-08,1
2016-10-09,6
2016-10-10,5
2016-10-11,4
2016-10-12,13
2016-10-13,13
2016-10-14,16
2016-10-15,12
2016-10-17,6
2016-10-18,6
2016-10-19,8
2016-10-20,8
2016-10-21,12
2016-10-23,6
2016-10-24,26
2016-10-25,10
2016-10-26,27
2016-10-27,11
2016-10-28,5
2016-10-30,2
2016-10-31,39
2016-11-01,24
2016-11-02,6
2016-11-03,11
2016-11-04,18
2016-11-05,1
2016-11-06,2
2016-11-07,7
2016-11-08,10
2016-11-09,13
2016-11-10,9
2016-11-11,13
2016-11-12,4
2016-11-13,1
2016-11-14,9
2016-11-15,12
2016-11-16,16
2016-11-17,4
2016-11-18,3
2016-11-19,4
2016-11-20,1
2016-11-21,6
2016-11-22,4
2016-11-23,11
2016-11-24,12
2016-11-25,11
2016-11-26,9
2016-11-27,2
2016-11-28,29
2016-11-29,15
2016-11-30,29
2016-12-01,37
2016-12-02,23
2016-12-03,5
2016-12-05,7
2016-12-06,9
2016-12-07,9
2016-12-08,12
2016-12-09,11
2016-12-10,4
2016-12-11,2
2016-12-12,6
2016-12-13,3
2016-12-14,23
2016-12-15,16
2016-12-16,4
2016-12-17,1
2016-12-18,1
2016-12-19,7
2016-12-20,7
2016-12-21,9
2016-12-22,22
2016-12-23,10
2016-12-24,6
2016-12-25,4
2016-12-26,16
2016-12-27,3
2016-12-28,7
2016-12-29,6
2016-12-30,12
2016-12-31,192
2017,3426
2017-01-01,18
2017-01-02,7
2017-01-03,13
2017-01-04,12
2017-01-05,8
2017-01-06,5
2017-01-07,4
2017-01-08,1
2017-01-09,6
2017-01-10,8
2017-01-11,8
2017-01-12,4
2017-01-13,9
2017-01-14,1
2017-01-15,6
2017-01-16,4
2017-01-17,17
2017-01-18,11
2017-01-19,7
2017-01-20,7
2017-01-21,3
2017-01-22,2
2017-01-23,7
2017-01-24,10
2017-01-25,9
2017-01-26,12
2017-01-27,8
2017-01-28,1
2017-01-29,2
2017-01-30,3
2017-01-31,39
2017-02-01,27
2017-02-02,9
2017-02-03,15
2017-02-04,3
2017-02-05,1
2017-02-06,5
2017-02-07,8
2017-02-08,17
2017-02-09,3
2017-02-10,15
2017-02-11,8
2017-02-13,6
2017-02-14,15
2017-02-15,13
2017-02-16,10
2017-02-17,14
2017-02-18,3
2017-02-19,1
2017-02-20,9
2017-02-21,14
2017-02-22,13
2017-02-23,16
2017-02-24,15
2017-02-25,6
2017-02-26,7
2017-02-27,8
2017-02-28,44
2017-03-01,22
2017-03-02,4
2017-03-03,10
2017-03-04,2
2017-03-05,7
2017-03-06,10
2017-03-07,8
2017-03-08,7
2017-03-09,5
2017-03-10,14
2017-03-11,5
2017-03-12,1
2017-03-13,9
2017-03-14,7
2017-03-15,9
2017-03-16,16
2017-03-17,10
2017-03-18,4
2017-03-19,2
2017-03-20,8
2017-03-21,20
2017-03-22,14
2017-03-23,7
2017-03-24,9
2017-03-25,4
2017-03-26,4
2017-03-27,10
2017-03-28,8
2017-03-29,7
2017-03-30,9
2017-03-31,47
2017-04-01,26
2017-04-02,1
2017-04-03,6
2017-04-04,13
2017-04-05,8
2017-04-06,11
2017-04-07,10
2017-04-08,5
2017-04-09,1
2017-04-10,11
2017-04-11,8
2017-04-12,14
2017-04-13,9
2017-04-14,5
2017-04-15,9
2017-04-17,2
2017-04-18,9
2017-04-19,6
2017-04-20,13
2017-04-21,13
2017-04-22,5
2017-04-24,7
2017-04-25,8
2017-04-26,22
2017-04-27,9
2017-04-28,6
2017-04-29,1
2017-04-30,26
2017-05-01,10
2017-05-02,12
2017-05-03,6
2017-05-04,14
2017-05-05,16
2017-05-06,5
2017-05-07,1
2017-05-08,10
2017-05-09,9
2017-05-10,8
2017-05-11,12
2017-05-12,9
2017-05-13,4
2017-05-15,13
2017-05-16,9
2017-05-17,11
2017-05-18,12
2017-05-19,7
2017-05-20,3
2017-05-21,1
2017-05-22,11
2017-05-23,9
2017-05-24,8
2017-05-25,10
2017-05-26,19
2017-05-27,5
2017-05-28,1
2017-05-29,2
2017-05-30,11
2017-05-31,43
2017-06-01,32
2017-06-02,10
2017-06-03,3
2017-06-04,2
2017-06-05,6
2017-06-06,11
2017-06-07,14
2017-06-08,6
2017-06-09,6
2017-06-10,2
2017-06-12,11
2017-06-13,8
2017-06-14,2
2017-06-15,24
2017-06-16,13
2017-06-17,4
2017-06-18,1
2017-06-19,7
2017-06-20,8
2017-06-21,15
2017-06-22,11
2017-06-23,8
2017-06-24,2
2017-06-25,1
2017-06-26,23
2017-06-27,7
2017-06-28,13
2017-06-29,9
2017-06-30,45
2017-07-01,20
2017-07-03,12
2017-07-04,4
2017-07-05,5
2017-07-06,14
2017-07-07,2
2017-07-08,4
2017-07-09,2
2017-07-10,9
2017-07-11,13
2017-07-12,11
2017-07-13,8
2017-07-14,10
2017-07-15,2
2017-07-16,6
2017-07-17,17
2017-07-18,21
2017-07-19,9
2017-07-20,18
2017-07-21,14
2017-07-22,6
2017-07-24,13
2017-07-25,13
2017-07-26,19
2017-07-27,7
2017-07-28,10
2017-07-29,2
2017-07-30,4
2017-07-31,37
2017-08-01,15
2017-08-02,8
2017-08-03,13
2017-08-04,9
2017-08-05,2
2017-08-06,1
2017-08-07,15
2017-08-08,12
2017-08-09,10
2017-08-10,6
2017-08-11,4
2017-08-12,4
2017-08-14,8
2017-08-15,17
2017-08-16,10
2017-08-17,11
2017-08-18,6
2017-08-19,3
2017-08-20,1
2017-08-21,8
2017-08-22,16
2017-08-23,10
2017-08-24,8
2017-08-25,11
2017-08-26,5
2017-08-27,1
2017-08-28,8
2017-08-29,9
2017-08-30,11
2017-08-31,37
2017-09-01,17
2017-09-02,1
2017-09-03,1
2017-09-04,10
2017-09-05,14
2017-09-06,12
2017-09-07,15
2017-09-08,11
2017-09-10,5
2017-09-11,10
2017-09-12,11
2017-09-13,7
2017-09-14,9
2017-09-15,14
2017-09-16,2
2017-09-17,1
2017-09-18,11
2017-09-19,7
2017-09-20,9
2017-09-21,8
2017-09-22,12
2017-09-23,2
2017-09-25,7
2017-09-26,14
2017-09-27,9
2017-09-28,7
2017-09-29,11
2017-09-30,44
2017-10-01,8
2017-10-02,7
2017-10-03,4
2017-10-04,68
2017-10-05,15
2017-10-06,13
2017-10-07,4
2017-10-08,1
2017-10-09,6
2017-10-10,9
2017-10-11,8
2017-10-12,11
2017-10-13,14
2017-10-14,3
2017-10-15,6
2017-10-16,9
2017-10-17,10
2017-10-18,9
2017-10-19,8
2017-10-20,9
2017-10-21,1
2017-10-23,13
2017-10-24,15
2017-10-25,7
2017-10-26,8
2017-10-27,9
2017-10-28,2
2017-10-29,5
2017-10-30,11
2017-10-31,44
2017-11-01,14
2017-11-02,5
2017-11-03,11
2017-11-04,2
2017-11-05,1
2017-11-06,10
2017-11-07,9
2017-11-08,11
2017-11-09,11
2017-11-10,11
2017-11-11,3
2017-11-12,2
2017-11-13,4
2017-11-14,10
2017-11-15,10
2017-11-16,13
2017-11-17,15
2017-11-18,3
2017-11-20,13
2017-11-21,12
2017-11-22,8
2017-11-23,7
2017-11-24,2
2017-11-25,4
2017-11-26,3
2017-11-27,8
2017-11-28,10
2017-11-29,14
2017-11-30,35
2017-12-01,15
2017-12-02,7
2017-12-03,2
2017-12-04,6
2017-12-05,11
2017-12-06,10
2017-12-07,9
2017-12-08,12
2017-12-09,1
2017-12-10,1
2017-12-11,5
2017-12-12,11
2017-12-13,20
2017-12-14,14
2017-12-15,9
2017-12-16,5
2017-12-17,2
2017-12-18,9
2017-12-19,5
2017-12-20,10
2017-12-21,6
2017-12-22,11
2017-12-23,2
2017-12-24,1
2017-12-25,2
2017-12-26,26
2017-12-27,3
2017-12-28,3
2017-12-29,2
2017-12-30,4
2017-12-31,154
2018,2862
2018-01-01,19
2018-01-02,9
2018-01-03,7
2018-01-04,15
2018-01-05,9
2018-01-06,2
2018-01-08,12
2018-01-09,6
2018-01-10,8
2018-01-11,14
2018-01-12,10
2018-01-13,3
2018-01-14,6
2018-01-15,12
2018-01-16,6
2018-01-17,2
2018-01-18,9
2018-01-19,10
2018-01-20,2
2018-01-21,2
2018-01-22,6
2018-01-23,11
2018-01-24,16
2018-01-25,5
2018-01-26,6
2018-01-27,1
2018-01-29,11
2018-01-30,12
2018-01-31,31
2018-02-01,34
2018-02-02,10
2018-02-03,4
2018-02-04,1
2018-02-05,4
2018-02-06,11
2018-02-07,6
2018-02-08,13
2018-02-09,10
2018-02-10,5
2018-02-11,1
2018-02-12,8
2018-02-13,15
2018-02-14,10
2018-02-15,29
2018-02-16,14
2018-02-17,3
2018-02-19,3
2018-02-20,14
2018-02-21,13
2018-02-22,8
2018-02-23,17
2018-02-24,2
2018-02-25,1
2018-02-26,13
2018-02-27,17
2018-02-28,45
2018-03-01,18
2018-03-02,7
2018-03-04,1
2018-03-05,8
2018-03-06,13
2018-03-07,16
2018-03-08,9
2018-03-09,11
2018-03-10,5
2018-03-12,11
2018-03-13,15
2018-03-14,11
2018-03-15,12
2018-03-16,12
2018-03-17,5
2018-03-19,8
2018-03-20,11
2018-03-21,17
2018-03-22,12
2018-03-23,18
2018-03-24,3
2018-03-25,4
2018-03-26,13
2018-03-27,9
2018-03-28,10
2018-03-29,12
2018-03-30,6
2018-03-31,36
2018-04-01,9
2018-04-02,6
2018-04-03,7
2018-04-04,16
2018-04-05,9
2018-04-06,13
2018-04-07,3
2018-04-09,9
2018-04-10,12
2018-04-11,13
2018-04-12,12
2018-04-13,16
2018-04-14,7
2018-04-15,8
2018-04-16,6
2018-04-17,15
2018-04-18,10
2018-04-19,8
2018-04-20,11
2018-04-21,1
2018-04-22,1
2018-04-23,10
2018-04-24,14
2018-04-25,7
2018-04-26,13
2018-04-27,7
2018-04-28,5
2018-04-29,1
2018-04-30,60
2018-05-01,13
2018-05-02,13
2018-05-03,12
2018-05-04,9
2018-05-05,2
2018-05-06,1
2018-05-07,4
2018-05-08,12
2018-05-09,6
2018-05-10,6
2018-05-11,4
2018-05-12,5
2018-05-13,1
2018-05-14,10
2018-05-15,11
2018-05-16,16
2018-05-17,11
2018-05-18,2
2018-05-19,4
2018-05-20,2
2018-05-21,8
2018-05-22,10
2018-05-23,9
2018-05-24,9
2018-05-25,7
2018-05-26,9
2018-05-27,1
2018-05-28,6
2018-05-29,10
2018-05-30,22
2018-05-31,39
2018-06-01,16
2018-06-02,4
2018-06-03,1
2018-06-04,9
2018-06-05,11
2018-06-06,13
2018-06-07,9
2018-06-08,10
2018-06-09,6
2018-06-10,2
2018-06-11,8
2018-06-12,9
2018-06-13,6
2018-06-14,12
2018-06-15,8
2018-06-16,1
2018-06-17,1
2018-06-18,8
2018-06-19,9
2018-06-20,7
2018-06-21,11
2018-06-22,13
2018-06-23,3
2018-06-24,1
2018-06-25,13
2018-06-26,14
2018-06-27,16
2018-06-28,14
2018-06-29,7
2018-06-30,41
2018-07-01,13
2018-07-02,12
2018-07-03,10
2018-07-04,9
2018-07-05,8
2018-07-06,12
2018-07-07,11
2018-07-09,7
2018-07-10,6
2018-07-11,10
2018-07-12,8
2018-07-13,5
2018-07-14,3
2018-07-15,9
2018-07-16,13
2018-07-17,9
2018-07-18,15
2018-07-19,9
2018-07-20,12
2018-07-21,3
2018-07-22,1
2018-07-23,11
2018-07-24,13
2018-07-25,6
2018-07-26,14
2018-07-27,19
2018-07-28,10
2018-07-29,1
2018-07-30,9
2018-07-31,42
2018-08-01,17
2018-08-02,6
2018-08-03,8
2018-08-04,4
2018-08-05,2
2018-08-06,9
2018-08-07,12
2018-08-08,3
2018-08-09,10
2018-08-10,7
2018-08-11,1
2018-08-12,1
2018-08-13,11
2018-08-14,15
2018-08-15,12
2018-08-16,10
2018-08-17,12
2018-08-18,7
2018-08-19,1
2018-08-20,10
2018-08-21,4
2018-08-22,6
2018-08-23,10
2018-08-24,7
2018-08-25,2
2018-08-26,4
2018-08-27,6
2018-08-28,13
2018-08-29,15
2018-08-30,14
2018-08-31,53
2018-09-01,12
2018-09-02,4
2018-09-03,10
2018-09-04,10
2018-09-05,15
2018-09-06,16
2018-09-07,8
2018-09-08,3
2018-09-09,1
2018-09-10,10
2018-09-11,14
2018-09-12,15
2018-09-13,4
2018-09-14,10
2018-09-15,16
2018-09-17,7
2018-09-18,14
2018-09-19,20
2018-09-20,10
2018-09-21,12
2018-09-22,3
2018-09-23,2
2018-09-24,16
2018-09-25,27
2018-09-26,10
2018-09-27,15
2018-09-28,15
2018-09-29,4
2018-09-30,23
2018-10-01,30
2018-10-02,13
2018-10-03,7
2018-10-04,12
2018-10-05,11
2018-10-06,1
2018-10-07,3
2018-10-08,9
2018-10-09,8
2018-10-10,14
2018-10-11,12
2018-10-12,13
2018-10-13,2
2018-10-14,4
2018-10-15,13
2018-10-16,12
2018-10-17,9
2018-10-18,13
2018-10-19,14
2018-10-20,3
2018-10-22,5
2018-10-23,9
2018-10-24,14
2018-10-25,7
2018-10-26,22
2018-10-27,1
2018-10-28,3
2018-10-29,14
2018-10-30,14
2018-10-31,39
2018-11-01,10
2018-11-02,4
2018-11-03,5
2018-11-04,4
2018-11-05,10
2018-11-06,9
2018-11-07,13
2018-11-08,4
2018-11-09,15
2018-11-10,11
2018-11-11,3
2018-11-12,5
2018-11-13,11
2018-11-14,10
2018-11-15,19
2018-11-16,11
2018-11-17,2
2018-11-18,1
2018-11-19,16
2018-11-20,7
2018-11-21,9
2018-11-22,7
2018-11-23,3
2018-11-24,10
2018-11-25,1
2018-11-26,19
2018-11-27,14
2018-11-28,11
2018-11-29,13
2018-11-30,44
2018-12-01,13
2018-12-03,6
2018-12-04,14
2018-12-05,7
2018-12-06,12
2018-12-07,23
2018-12-08,15
2018-12-09,3
2018-12-10,13
2018-12-11,8
2018-12-12,13
2018-12-13,10
2018-12-14,12
2018-12-15,10
2018-12-16,1
2018-12-17,9
2018-12-18,18
2018-12-19,9
2018-12-20,13
2018-12-21,8
2018-12-22,5
2018-12-24,5
2018-12-25,1
2018-12-26,10
2018-12-27,9
2018-12-28,13
2018-12-29,4
2018-12-30,4
2018-12-31,117
2019,2246
2019-01-01,16
2019-01-02,12
2019-01-03,8
2019-01-04,6
2019-01-05,1
2019-01-06,3
2019-01-07,7
2019-01-08,14
2019-01-09,18
2019-01-10,12
2019-01-11,9
2019-01-12,2
2019-01-14,19
2019-01-15,18
2019-01-16,8
2019-01-17,9
2019-01-18,10
2019-01-21,5
2019-01-22,10
2019-01-23,7
2019-01-24,10
2019-01-25,7
2019-01-26,9
2019-01-27,1
2019-01-28,5
2019-01-29,15
2019-01-30,14
2019-01-31,52
2019-02-01,20
2019-02-02,6
2019-02-04,18
2019-02-05,16
2019-02-06,10
2019-02-07,14
2019-02-08,9
2019-02-09,7
2019-02-10,5
2019-02-11,8
2019-02-12,6
2019-02-13,20
2019-02-14,7
2019-02-15,16
2019-02-16,2
2019-02-18,9
2019-02-19,11
2019-02-20,18
2019-02-21,8
2019-02-22,18
2019-02-23,10
2019-02-24,1
2019-02-25,14
2019-02-26,23
2019-02-27,13
2019-02-28,43
2019-03-01,20
2019-03-02,3
2019-03-03,5
2019-03-04,12
2019-03-05,7
2019-03-06,14
2019-03-07,15
2019-03-08,18
2019-03-09,3
2019-03-10,3
2019-03-11,7
2019-03-12,11
2019-03-13,13
2019-03-14,12
2019-03-15,21
2019-03-16,4
2019-03-18,14
2019-03-19,13
2019-03-20,9
2019-03-21,12
2019-03-22,12
2019-03-23,4
2019-03-24,2
2019-03-25,11
2019-03-26,17
2019-03-27,14
2019-03-28,4
2019-03-29,10
2019-03-30,8
2019-03-31,46
2019-04-01,23
2019-04-02,16
2019-04-03,12
2019-04-04,10
2019-04-05,9
2019-04-07,5
2019-04-08,6
2019-04-09,10
2019-04-10,12
2019-04-11,23
2019-04-12,12
2019-04-13,3
2019-04-14,5
2019-04-15,21
2019-04-16,15
2019-04-17,9
2019-04-18,8
2019-04-19,4
2019-04-20,3
2019-04-21,1
2019-04-22,7
2019-04-23,20
2019-04-24,16
2019-04-25,15
2019-04-26,15
2019-04-27,6
2019-04-28,7
2019-04-29,9
2019-04-30,47
2019-05-01,17
2019-05-02,10
2019-05-03,10
2019-05-05,3
2019-05-06,14
2019-05-07,9
2019-05-08,10
2019-05-09,10
2019-05-10,23
2019-05-11,1
2019-05-12,2
2019-05-13,5
2019-05-14,11
2019-05-15,21
2019-05-16,18
2019-05-17,7
2019-05-18,4
2019-05-20,16
2019-05-21,7
2019-05-22,15
2019-05-23,11
2019-05-24,10
2019-05-25,9
2019-05-26,9
2019-05-27,13
2019-05-28,18
2019-05-29,24
2019-05-30,9
2019-05-31,28
2019-06-01,7
2019-06-03,12
2019-06-04,13
2019-06-05,10
2019-06-06,21
2019-06-07,13
2019-06-08,5
2019-06-10,12
2019-06-11,16
2019-06-12,10
2019-06-13,13
2019-06-14,5
2019-06-15,8
2019-06-16,1
2019-06-17,6
2019-06-18,16
2019-06-19,20
2019-06-20,13
2019-06-21,13
2019-06-22,3
2019-06-23,1
2019-06-24,6
2019-06-25,13
2019-06-26,15
2019-06-27,12
2019-06-28,13
2019-06-29,4
2019-06-30,52
2019-07-01,19
2019-07-02,10
2019-07-03,21
2019-07-04,8
2019-07-05,15
2019-07-07,1
2019-07-08,9
2019-07-09,20
2019-07-10,15
2019-07-11,11
2019-07-12,15
2019-07-13,3
2019-07-14,3
2019-07-15,19
2019-07-16,9
2019-07-17,11
2019-07-18,8
2019-07-19,14
2019-07-20,2
2019-07-21,1
2019-07-22,9
2019-07-23,11
2019-07-24,27
2019-07-25,9
2019-07-26,13
2019-07-27,1
2019-07-28,3
2019-07-29,8
2019-07-30,6
2019-07-31,44
2019-08-01,20
2019-08-02,16
2019-08-03,1
2019-08-04,1
2019-08-05,16
2019-08-06,10
2019-08-07,13
2019-08-08,8
2019-08-09,11
2019-08-10,3
2019-08-11,5
2019-08-12,6
2019-08-13,16
2019-08-14,11
2019-08-15,7
2019-08-16,10
2019-08-17,3
2019-08-19,15
2019-08-20,10
2019-08-21,6
2019-08-22,25
2019-08-23,11
2019-08-24,3
2019-08-25,2
2019-08-26,17
2019-08-27,11
2019-08-28,8
2019-08-29,12
2019-08-30,6
2019-08-31,39
2019-09-01,10
2019-09-02,8
2019-09-03,9
2019-09-04,7
2019-09-05,16
2019-09-06,5
2019-09-07,7
2019-09-08,3
2019-09-09,11
2019-09-10,9
2019-09-11,7
2019-09-12,10
2019-09-13,18
2019-09-14,19
2019-09-15,4
2019-09-16,9
2019-09-17,5
2019-09-18,11
2019-09-19,4
2019-09-20,13
2019-09-21,5
2019-09-22,1
2019-09-23,7
2019-09-24,11
2019-09-25,12
2019-09-26,19
2019-09-27,16
2019-09-28,11
2019-09-30,53
2019-10-01,27
2019-10-02,7
2019-10-03,7
2019-10-04,19
2019-10-05,5
2019-10-06,2
2019-10-07,10
2019-10-08,10
2019-10-09,13
2019-10-10,14
2019-10-11,12
2019-10-12,9
2019-10-13,1
2019-10-14,12
2019-10-15,17
2019-10-16,14
2019-10-17,12
2019-10-18,9
2019-10-19,8
2019-10-20,2
2019-10-21,11
2019-10-22,16
2019-10-23,21
2019-10-24,13
2019-10-25,13
2019-10-26,15
2019-10-27,1
2019-10-28,9
2019-10-29,7
2019-10-30,10
2019-10-31,43
2019-11-01,29
2019-11-02,12
2019-11-03,4
2019-11-04,21
2019-11-05,20
2019-11-06,22
2019-11-07,19
2019-11-08,15
2019-11-09,9
2019-11-10,3
2019-11-11,15
2019-11-12,16
2019-11-13,11
2019-11-14,22
2019-11-15,27
2019-11-16,3
2019-11-18,14
2019-11-19,13
2019-11-20,14
2019-11-21,23
2019-11-22,18
2019-11-23,13
2019-11-24,5
2019-11-25,19
2019-11-26,26
2019-11-27,16
2019-11-28,18
2019-11-29,17
2019-11-30,37
2019-12-01,39
2019-12-02,11
2019-12-03,23
2019-12-04,14
2019-12-05,24
2019-12-06,17
2019-12-07,7
2019-12-09,12
2019-12-10,27
2019-12-11,27
2019-12-12,13
2019-12-13,15
2019-12-14,10
2019-12-15,9
2019-12-16,15
2019-12-17,14
2019-12-18,16
2019-12-19,24
2019-12-20,12
2019-12-21,7
2019-12-22,1
2019-12-23,20
2019-12-24,10
2019-12-25,5
2019-12-26,18
2019-12-27,17
2019-12-28,4
2019-12-30,12
2019-12-31,158
2020,13933
2020-01-01,50
2020-01-02,21
2020-01-03,25
2020-01-04,6
2020-01-06,24
2020-01-07,50
2020-01-08,14
2020-01-09,21
2020-01-10,30
2020-01-11,7
2020-01-12,2
2020-01-13,19
2020-01-14,15
2020-01-15,17
2020-01-16,20
2020-01-17,19
2020-01-18,10
2020-01-19,5
2020-01-20,18
2020-01-21,21
2020-01-22,29
2020-01-23,25
2020-01-24,27
2020-01-25,16
2020-01-26,12
2020-01-27,18
2020-01-28,36
2020-01-29,23
2020-01-30,35
2020-01-31,68
2020-02-01,70
2020-02-02,20
2020-02-03,34
2020-02-04,42
2020-02-05,47
2020-02-06,33
2020-02-07,48
2020-02-08,16
2020-02-09,9
2020-02-10,30
2020-02-11,64
2020-02-12,54
2020-02-13,44
2020-02-14,53
2020-02-15,21
2020-02-16,10
2020-02-17,37
2020-02-18,69
2020-02-19,53
2020-02-20,89
2020-02-21,57
2020-02-22,34
2020-02-23,45
2020-02-24,43
2020-02-25,64
2020-02-26,69
2020-02-27,79
2020-02-28,57
2020-02-29,89
2020-03-01,159
2020-03-02,54
2020-03-03,81
2020-03-04,54
2020-03-05,73
2020-03-06,144
2020-03-07,33
2020-03-08,35
2020-03-09,55
2020-03-10,114
2020-03-11,68
2020-03-12,107
2020-03-13,110
2020-03-14,49
2020-03-15,38
2020-03-16,97
2020-03-17,167
2020-03-18,115
2020-03-19,112
2020-03-20,203
2020-03-21,52
2020-03-22,29
2020-03-23,157
2020-03-24,222
2020-03-25,135
2020-03-26,169
2020-03-27,249
2020-03-28,93
2020-03-29,55
2020-03-30,341
2020-03-31,392
2020-04-01,519
2020-04-02,294
2020-04-03,341
2020-04-04,153
2020-04-05,67
2020-04-06,362
2020-04-07,326
2020-04-08,349
2020-04-09,332
2020-04-10,435
2020-04-11,320
2020-04-12,80
2020-04-13,259
2020-04-14,369
2020-04-15,438
2020-04-16,379
2020-04-17,690
2020-04-18,276
2020-04-19,106
2020-04-20,418
2020-04-21,449
2020-04-22,530
2020-04-23,504
2020-04-24,539
2020-04-25,255
2020-04-26,143
2020-04-27,474
2020-04-28,595
2020-04-29,523
2020-04-30,649
2020-05-01,695
2020-05-02,176
2020-05-03,163
2020-05-04,444
2020-05-05,495
2020-05-06,439
2020-05-07,426
2020-05-08,577
2020-05-09,296
2020-05-10,105
2020-05-11,653
2020-05-12,461
2020-05-13,457
2020-05-14,508
2020-05-15,556
2020-05-16,406
2020-05-17,139
2020-05-18,352
2020-05-19,363
2020-05-20,334
2020-05-21,242
2020-05-22,304
2020-05-23,146
2020-05-24,48
2020-05-25,89
2020-05-26,9
2020-05-27,1
2020-05-28,1
2020-05-29,5
2020-05-30,1
2020-05-31,74
2020-06-01,50
2020-06-05,1
2020-06-07,1
2020-06-12,2
2020-06-15,5
2020-06-17,2
2020-06-18,1
2020-06-26,1
2020-06-30,51
2020-07-01,16
2020-07-02,3
2020-07-10,3
2020-07-15,4
2020-07-20,4
2020-07-31,22
2020-08-01,13
2020-08-10,4
2020-08-15,2
2020-08-31,16
2020-09-01,1
2020-09-21,1
2020-09-30,1
2020-10-15,1
2020-10-31,2
2020-11-01,2
2020-11-30,2
2020-12-01,8
2020-12-31,103
2021-12-31,1
